pp_id,ca_id,supply_pf_id,pp_eff,erg_max,discharge_duration,st_lss_rt,st_lss_hr,factor_lin_0,factor_lin_1,cap_avlb,vc_ramp,vc_om,cap_pwr_leg,cap_pwr_leg_yr2020,cap_pwr_leg_yr2025,cap_pwr_leg_yr2030,cap_pwr_leg_yr2035,cap_pwr_leg_yr2040,cap_pwr_leg_yr2045,cap_pwr_leg_yr2050,erg_chp,erg_chp_yr2020,erg_chp_yr2025,erg_chp_yr2030,erg_chp_yr2035,erg_chp_yr2040,erg_chp_yr2045,erg_chp_yr2050,cap_pwr_leg_old,fc_cp_ann_yr2045,fc_om_yr2020,fc_om_yr2050,fc_om_yr2035,fc_cp_ann,fc_cp_ann_yr2030,pwr_pot,fc_cp_ann_yr2035,fc_om_yr2030,fc_cp_ann_yr2040,fc_cp_ann_yr2050,fc_cp_ann_yr2020,fc_om_yr2025,fc_cp_ann_yr2025,fc_om_yr2045,fc_om_yr2040,fc_om,cap_pwr_leg_hp_fossil,cap_pwr_leg_hp_retr_1pc,cap_pwr_leg_hp_retr_1pc_fossil,cap_pwr_leg_hp_retr_2pc,cap_pwr_leg_hp_retr_2pc_fossil,cap_pwr_leg_yr2020_hp_fossil,cap_pwr_leg_yr2020_hp_retr_1pc,cap_pwr_leg_yr2020_hp_retr_1pc_fossil,cap_pwr_leg_yr2020_hp_retr_2pc,cap_pwr_leg_yr2020_hp_retr_2pc_fossil,cap_pwr_leg_yr2025_hp_fossil,cap_pwr_leg_yr2025_hp_retr_1pc,cap_pwr_leg_yr2025_hp_retr_1pc_fossil,cap_pwr_leg_yr2025_hp_retr_2pc,cap_pwr_leg_yr2025_hp_retr_2pc_fossil,cap_pwr_leg_yr2030_hp_fossil,cap_pwr_leg_yr2030_hp_retr_1pc,cap_pwr_leg_yr2030_hp_retr_1pc_fossil,cap_pwr_leg_yr2030_hp_retr_2pc,cap_pwr_leg_yr2030_hp_retr_2pc_fossil,cap_pwr_leg_yr2035_hp_fossil,cap_pwr_leg_yr2035_hp_retr_1pc,cap_pwr_leg_yr2035_hp_retr_1pc_fossil,cap_pwr_leg_yr2035_hp_retr_2pc,cap_pwr_leg_yr2035_hp_retr_2pc_fossil,cap_pwr_leg_yr2040_hp_fossil,cap_pwr_leg_yr2040_hp_retr_1pc,cap_pwr_leg_yr2040_hp_retr_1pc_fossil,cap_pwr_leg_yr2040_hp_retr_2pc,cap_pwr_leg_yr2040_hp_retr_2pc_fossil,cap_pwr_leg_yr2045_hp_fossil,cap_pwr_leg_yr2045_hp_retr_1pc,cap_pwr_leg_yr2045_hp_retr_1pc_fossil,cap_pwr_leg_yr2045_hp_retr_2pc,cap_pwr_leg_yr2045_hp_retr_2pc_fossil,cap_pwr_leg_yr2050_hp_fossil,cap_pwr_leg_yr2050_hp_retr_1pc,cap_pwr_leg_yr2050_hp_retr_1pc_fossil,cap_pwr_leg_yr2050_hp_retr_2pc,cap_pwr_leg_yr2050_hp_retr_2pc_fossil
32,0.0,25.0,1.0,,0.0,0.0,,0.0,0.0,1.0,0.0,0.0,39756.64,52802.8676680286,55900.7646514898,63959.3253311656,63959.3253311656,65956.2802500185,70530.7925396692,86140.7925396692,,,,,,,,,39224.0,,,,,,,,,,,,,,,,,,,,,,,,,,,,,,,,,,,,,,,,,,,,,,,,,,,,,,,,,
33,0.0,26.0,1.0,,0.0,0.0,,0.0,0.0,1.0,0.0,0.0,876.0,1089.65065061156,2692.02554745263,2821.02554745263,2888.02554745263,2930.02554745263,3196.78750743447,4008.78750743447,,,,,,,,,931.563,,,,,,,,,,,,,,,,,,,,,,,,,,,,,,,,,,,,,,,,,,,,,,,,,,,,,,,,,
34,0.0,29.0,1.0,,0.0,0.0,,0.0,0.0,1.0,0.0,0.0,18904.953,20056.8173441047,23014.953,24562.0153018299,25711.0153018299,27050.4655160395,49227.4508654388,56764.63481652,,,,,,,,,18900.79,,,,,,,,,,,,,,,,,,,,,,,,,,,,,,,,,,,,,,,,,,,,,,,,,,,,,,,,,
35,0.0,27.0,1.0,,0.0,0.0,,0.0,0.0,1.0,0.0,0.0,0.0,0.0,0.0,0.0,0.0,0.0,0.0,0.0,,,,,,,,,0.0,,,,,,,,,,,,,,,,,,,,,,,,,,,,,,,,,,,,,,,,,,,,,,,,,,,,,,,,,
36,0.0,28.0,1.0,,0.0,0.0,,0.0,0.0,1.0,0.0,0.0,6100.17,20535.2843502967,24531.6723302685,25381.6723302685,25731.6723302685,31850.0812452205,35312.3341798765,45200.004896947,,,,,,,,,6196.2,,,,,,,,,,,,,,,,,,,,,,,,,,,,,,,,,,,,,,,,,,,,,,,,,,,,,,,,,
26,0.0,31.0,1.0,,0.0,0.0,,0.0,0.0,1.0,0.0,0.0,2411.5,2582.7889976764,3663.84,4544.58880778011,4544.58880778011,5025.68442860955,5986.22638810337,6802.66466209749,,,,,,,,,2421.0,,,,,,,,,,,,,,,,,,,,,,,,,,,,,,,,,,,,,,,,,,,,,,,,,,,,,,,,,
25,0.0,30.0,1.0,,0.0,0.0,,0.0,0.0,1.0,0.0,0.0,41282.5932405567,55095.9646647334,53125.6717882644,55282.4812024037,53452.4747311941,55194.4399136395,64608.1258708442,68828.785992298,,,,,,,,,41297.0,,,,,,,,,,,,,,,,,,,,,,,,,,,,,,,,,,,,,,,,,,,,,,,,,,,,,,,,,
27,0.0,34.0,1.0,,0.0,0.0,,0.0,0.0,1.0,0.0,0.0,8957.8,8963.48275625162,12569.6664818425,15577.4420761065,15846.2694302456,17735.6922396904,19793.1643985445,25957.2787707973,,,,,,,,,9136.62911418825,,,,,,,,,,,,,,,,,,,,,,,,,,,,,,,,,,,,,,,,,,,,,,,,,,,,,,,,,
28,0.0,32.0,1.0,,0.0,0.0,,0.0,0.0,1.0,0.0,0.0,60.288,240.568875087078,432.480774373323,705.809843053732,880.275206041227,1362.96271030663,1851.46572667162,2334.15323093702,,,,,,,,,60.288,,,,,,,,,,,,,,,,,,,,,,,,,,,,,,,,,,,,,,,,,,,,,,,,,,,,,,,,,
29,0.0,33.0,1.0,,0.0,0.0,,0.0,0.0,1.0,0.0,0.0,10358.2,20469.9633229586,20979.2811589325,22914.9118889701,22914.9118889701,27463.5438533657,31903.1223286198,42870.4234066731,,,,,,,,,10324.5,,,,,,,,,,,,,,,,,,,,,,,,,,,,,,,,,,,,,,,,,,,,,,,,,,,,,,,,,
31,0.0,35.0,1.0,,0.0,0.0,,0.0,0.0,1.0,0.0,0.0,3663.60675944334,6736.01328757533,8881.08522754397,11931.4707631087,13761.4772343183,14209.9506552731,16633.5283407322,17720.1481551987,,,,,,,,,3283.0,,,,,,,,,,,,,,,,,,,,,,,,,,,,,,,,,,,,,,,,,,,,,,,,,,,,,,,,,
30,0.0,36.0,1.0,,0.0,0.0,,0.0,0.0,1.0,0.0,0.0,0.0,1659.72675591556,4150.40891994172,7856.54121907545,7856.54121907545,9416.07217829681,10938.2133698125,14698.4308822879,,,,,,,,,0.001,,,,,,,,,,,,,,,,,,,,,,,,,,,,,,,,,,,,,,,,,,,,,,,,,,,,,,,,,
37,0.0,,0.33,,0.0,0.0,,0.0,0.0,1.0,27.0,3.89,10800.0,6907.2,0.0,0.0,0.0,0.0,0.0,0.0,,,,,,,,,10800.0,,,,,,,,,,,,,,,,,,,,,,,,,,,,,,,,,,,,,,,,,,,,,,,,,,,,,,,,,
38,0.0,,0.33,,0.0,0.0,,0.0,0.0,1.0,27.0,3.89,3333.0,2874.51630735213,2166.94306246545,1194.02985074627,0.0,0.0,0.0,0.0,,,,,,,,,3333.0,,,,,,,,,,,,,,,,,,,,,,,,,,,,,,,,,,,,,,,,,,,,,,,,,,,,,,,,,
39,0.0,,0.33,,0.0,0.0,,0.0,0.0,1.0,27.0,3.89,63246.72,61326.72,59493.12,59493.12,56330.16,42452.16,39118.56,32276.4,,,,,,,,,63130.0,,,,,,,,,,,,,,,,,,,,,,,,,,,,,,,,,,,,,,,,,,,,,,,,,,,,,,,,,
10,0.0,,0.0,,0.0,0.0,,1.63934426229508,0.000172029080742573,1.0,11.425,3.03333333333333,4073.87265,3527.0057198665,3194.68688920177,2902.3660922104,3114.75954118723,3045.50220700512,3062.81461366841,2850.45101586374,4970233.20149227,4303040.97275442,3897603.14306406,3540963.98040069,3800089.64842669,3715593.85502019,3736715.45252414,3477626.2037237,3996.3,,,,,,,,,,,,,,,,,,,,,,,,,,,,,,,,,,,,,,,,,,,,,,,,,,,,,,,,,
11,0.0,,0.0,,0.0,0.0,,1.63934426229508,0.00544953859108333,1.0,11.425,3.03333333333333,266.983909570742,267.205289263586,124.584466119147,71.1434082664299,71.0320727292368,0.0,0.0,0.0,570972.811079253,571446.254537858,266436.816178277,152147.565270705,151909.462664648,0.0,0.0,0.0,310.85,,,,,,,,,,,,,,,,,,,,,,,,,,,,,,,,,,,,,,,,,,,,,,,,,,,,,,,,,
12,0.0,,0.0,,0.0,0.0,,1.63934426229508,7.04687186357373e-05,1.0,11.425,3.03333333333333,25177.76772,21891.23262,21891.23262,21891.23262,21891.23262,21891.23262,21891.23262,20023.9026197983,54623937.4135072,47493698.9584479,47493698.9584479,47493698.9584479,47493698.9584479,47493698.9584479,47493698.9584479,43442469.3897377,24038.88,,,,,,,,,,,,,,,,,,,,,,,,,,,,,,,,,,,,,,,,,,,,,,,,,,,,,,,,,
13,0.0,,0.0,,0.0,0.0,,1.63934426229508,0.000165493266025621,1.0,11.425,3.03333333333333,9646.19544,9180.91825415021,8902.30277660842,8343.65938251004,8343.65938251004,8343.65938251004,8343.65938251004,8343.65938251004,6010635.99050905,5720717.35717567,5547109.40705253,5199013.40264192,5199013.40264192,5199013.40264192,5199013.40264192,5199013.40264192,10236.0,,,,,,,,,,,,,,,,,,,,,,,,,,,,,,,,,,,,,,,,,,,,,,,,,,,,,,,,,
14,0.0,,0.0,,0.0,0.0,,1.63934426229508,1.56515790129574e-05,1.0,11.425,3.03333333333333,52044.52014,51352.5754647232,47623.0934041995,41739.4429862532,35862.1278680811,35862.1278680811,35862.1278680811,35862.1278680811,85513395.3469998,84376473.7572527,78248630.2681935,68581312.3081094,58924403.7627489,58924403.7627489,58924403.7627489,58924403.7627489,43923.9909789552,,,,,,,,,,,,,,,,,,,,,,,,,,,,,,,,,,,,,,,,,,,,,,,,,,,,,,,,,
15,0.0,,0.58,,0.0,0.0,,0.0,0.0,1.0,11.425,3.03333333333333,0.0,0.0,0.0,0.0,0.0,0.0,0.0,0.0,0.0,0.0,0.0,0.0,0.0,0.0,0.0,0.0,1.0,,,,,,,,,,,,,,,,,,,,,,,,,,,,,,,,,,,,,,,,,,,,,,,,,,,,,,,,,
16,0.0,,0.58,,0.0,0.0,,0.0,0.0,1.0,11.425,3.03333333333333,154.515327257664,331.67495854063,1039.3864013267,1680.62465450525,3360.69651741294,3493.22830292979,3516.03095632947,3449.14317302377,930600.0,1633500.0,2445300.0,3009600.0,3227400.0,3405600.0,3415500.0,3415500.0,1.0,,,,,,,,,,,,,,,,,,,,,,,,,,,,,,,,,,,,,,,,,,,,,,,,,,,,,,,,,
17,0.0,,0.58,,0.0,0.0,,0.0,0.0,1.0,11.425,3.03333333333333,0.0,0.0,1186.8420513037,5086.7513160732,17195.078435375,20128.794255375,21402.0998249991,21402.0998249991,0.0,0.0,2574890.14320496,11035862.6156735,37305248.770254,43670035.0024108,46432510.3940702,46432510.3940702,1.0,,,,,,,,,,,,,,,,,,,,,,,,,,,,,,,,,,,,,,,,,,,,,,,,,,,,,,,,,
18,0.0,,0.58,,0.0,0.0,,0.0,0.0,1.0,11.425,3.03333333333333,0.0,0.0,0.0,0.0,4923.61363191916,14849.6925529907,18916.0995362946,26580.7334781902,0.0,0.0,0.0,0.0,3067950.41459105,9252984.46026508,11786801.2710412,16562707.472796,1.0,,,,,,,,,,,,,,,,,,,,,,,,,,,,,,,,,,,,,,,,,,,,,,,,,,,,,,,,,
19,0.0,,0.58,,0.0,0.0,,0.0,0.0,1.0,11.425,3.03333333333333,0.0,0.0,0.0,0.0,0.0,9350.9504850731,9219.371843581,9199.5035090358,0.0,0.0,0.0,0.0,0.0,15364375.0302484,15148180.5805951,15115535.2849467,1.0,,,,,,,,,,,,,,,,,,,,,,,,,,,,,,,,,,,,,,,,,,,,,,,,,,,,,,,,,
22,0.0,,0.0,,0.0,0.0,,2.38095238095238,3.95901626363881e-05,1.0,17.55,4.42916666666667,5384.8375,3855.5255,3833.533,3779.573,3479.9,2891.56,2891.56,2891.56,1356129.56582729,970984.19819559,965445.557618886,951856.150069997,876385.828935856,728216.962417818,728216.962417818,728216.962417818,3007.0,,,,,,,,,,,,,,,,,,,,,,,,,,,,,,,,,,,,,,,,,,,,,,,,,,,,,,,,,
23,0.0,,0.0,,0.0,0.0,,2.76349206349206,3.34353119951515e-05,1.0,17.55,4.42916666666667,9511.49,8858.01888364397,5103.49888364397,5098.36888364397,4803.04888364397,2226.12888364397,2214.16888364397,1901.36888364397,122639.644687478,114213.891674708,65803.7058077167,65737.5604007146,61929.7511227669,28703.353030769,28549.1426861793,24515.9490584466,8700.2,,,,,,,,,,,,,,,,,,,,,,,,,,,,,,,,,,,,,,,,,,,,,,,,,,,,,,,,,
20,0.0,,0.0,,0.0,0.0,,2.38095238095238,0.000108225108225108,1.0,17.55,4.42916666666667,872.754,804.160701075646,778.216701075646,778.216701075646,80.8567010756462,72.1167010756462,36.3967010756462,36.3967010756462,382632.937412252,352560.253180244,341185.880873473,341185.880873473,35449.2068120443,31617.4147228839,15957.0470541415,15957.0470541415,1100.0,,,,,,,,,,,,,,,,,,,,,,,,,,,,,,,,,,,,,,,,,,,,,,,,,,,,,,,,,
21,0.0,,0.0,,0.0,0.0,,2.00534500150656,5.39556297110739e-05,1.0,17.55,4.42916666666667,24612.6,23397.811875607,21563.6769520161,18742.4165925609,12593.8592336451,11362.4875772069,10210.2329724817,10210.2329724817,8143575.3637003,7741638.19973052,7134777.64954659,6201306.72986141,4166932.4569132,3759508.29672983,3378261.60959598,3378261.60959598,24612.6,,,,,,,,,,,,,,,,,,,,,,,,,,,,,,,,,,,,,,,,,,,,,,,,,,,,,,,,,
24,0.0,,0.0,,0.0,0.0,,2.40182767362398,0.000114129169122336,1.0,13.5,6.775,20679.0,19020.2809991783,16812.1874312674,13987.4230201083,11775.9245823416,10501.6918603955,9309.33006314504,9309.33006314504,4337783.86207152,3989838.385333,3526651.93314346,2934107.92826507,2470207.24475326,2202914.52567684,1952795.67264412,1952795.67264412,20679.0,,,,,,,,,,,,,,,,,,,,,,,,,,,,,,,,,,,,,,,,,,,,,,,,,,,,,,,,,
40,0.0,,1.0,,0.0,0.0,,0.0,0.0,1.0,11.705,18.8,773.0,773.0,773.0,773.0,773.0,773.0,692.0,692.0,,,,,,,,,773.218178246992,,,,,,,,,,,,,,,,,,,,,,,,,,,,,,,,,,,,,,,,,,,,,,,,,,,,,,,,,
41,0.0,,1.0,,0.0,0.0,,0.0,0.0,1.0,11.705,18.8,0.0,12.9795791896249,37.6407796499121,88.261138489449,172.628403222011,299.828279280334,438.70977660932,556.823947234906,,,,,,,,,0.0,,,,,,,,,,,,,,,,,,,,,,,,,,,,,,,,,,,,,,,,,,,,,,,,,,,,,,,,,
49,0.0,37.0,0.35,,0.0,0.0,,0.0,0.0,1.0,11.705,20.2333333333333,7467.0,7467.0,7467.0,7467.0,7467.0,7467.0,7467.0,7467.0,,,,,,,,,7467.0,,,,,,,,,,,,,,,,,,,,,,,,,,,,,,,,,,,,,,,,,,,,,,,,,,,,,,,,,
47,0.0,38.0,0.35,,0.0,0.0,,0.0,0.0,1.0,11.705,20.2333333333333,396.144535668849,486.359764882912,478.170337883431,508.692590062929,504.38789552898,646.133310682995,620.103511649137,529.182330192915,,,,,,,,,616.39375,,,,,,,,,,,,,,,,,,,,,,,,,,,,,,,,,,,,,,,,,,,,,,,,,,,,,,,,,
51,0.0,41.0,0.35,,0.0,0.0,,0.0,0.0,1.0,11.705,20.2333333333333,2984.40958691185,3734.39963426593,3805.94529523515,3762.16786459484,3860.92755815199,4724.89279703436,4733.284850715,4676.94219720701,,,,,,,,,2984.40958691185,,,,,,,,,,,,,,,,,,,,,,,,,,,,,,,,,,,,,,,,,,,,,,,,,,,,,,,,,
48,0.0,39.0,0.35,,0.0,0.0,,0.0,0.0,1.0,11.705,20.2333333333333,46.2,191.263345329984,407.58587783961,585.733845788713,639.178236173444,662.082974909757,672.262858792563,674.807829763265,,,,,,,,,46.2,,,,,,,,,,,,,,,,,,,,,,,,,,,,,,,,,,,,,,,,,,,,,,,,,,,,,,,,,
50,0.0,40.0,0.35,,0.0,0.0,,0.0,0.0,1.0,11.705,20.2333333333333,922.9718,1568.45843059428,1786.53618614743,1859.73691783003,1875.66347268543,1901.44548864406,1950.16381605083,1970.61514296984,,,,,,,,,922.9718,,,,,,,,,,,,,,,,,,,,,,,,,,,,,,,,,,,,,,,,,,,,,,,,,,,,,,,,,
44,0.0,,0.21,,0.0,0.0,,0.0,0.0,1.0,11.705,20.2333333333333,1924.0,1924.0,1924.0,1924.0,1924.0,1924.0,1924.0,1924.0,,,,,,,,,1924.0,,,,,,,,,,,,,,,,,,,,,,,,,,,,,,,,,,,,,,,,,,,,,,,,,,,,,,,,,
42,0.0,,0.21,,0.0,0.0,,0.0,0.0,1.0,11.705,20.2333333333333,237.138024331151,291.142205366449,286.23989228574,304.510967431993,301.934113114399,386.785031607745,371.203205882939,316.776431311937,,,,,,,,,1.0,,,,,,,,,,,,,,,,,,,,,,,,,,,,,,,,,,,,,,,,,,,,,,,,,,,,,,,,,
46,0.0,,0.21,,0.0,0.0,,0.0,0.0,1.0,11.705,20.2333333333333,916.759056476757,1147.14303969226,1169.12063048033,1155.67296023266,1186.01023159127,1451.40542422838,1453.98331810994,1436.67582851605,,,,,,,,,916.759056476757,,,,,,,,,,,,,,,,,,,,,,,,,,,,,,,,,,,,,,,,,,,,,,,,,,,,,,,,,
43,0.0,,0.21,,0.0,0.0,,0.0,0.0,1.0,11.705,20.2333333333333,439.268492108766,470.228803004725,506.818261336313,532.149424796644,532.149424796644,534.963998514458,534.963998514458,534.963998514458,,,,,,,,,439.268492108766,,,,,,,,,,,,,,,,,,,,,,,,,,,,,,,,,,,,,,,,,,,,,,,,,,,,,,,,,
45,0.0,,0.21,,0.0,0.0,,0.0,0.0,1.0,11.705,20.2333333333333,779.9282,1325.37631219959,1509.65603921683,1571.51200805563,1584.97024075633,1606.75651992432,1647.92440544516,1665.20615402249,,,,,,,,,779.9282,,,,,,,,,,,,,,,,,,,,,,,,,,,,,,,,,,,,,,,,,,,,,,,,,,,,,,,,,
52,0.0,,0.0,,0.0,0.0,,2.22222222222222,0.0102171136653895,1.0,11.25,5.2125,970.58312,815.01612,482.888652858483,422.957882858483,384.782132858483,8.4377,3.2205,0.0,2931692.34970696,2461794.84750554,1458588.07986019,1277564.34649767,1162252.68290792,25486.4730587138,9727.67300159853,0.0,174.0,,,,,,,,,,,,,,,,,,,,,,,,,,,,,,,,,,,,,,,,,,,,,,,,,,,,,,,,,
54,0.0,,0.0,,0.0,0.0,,2.22222222222222,0.000423280423280423,1.0,11.25,5.2125,5028.38102,1673.8347,1458.16054239206,1248.11304239206,1060.97281239206,862.853412392064,833.376622392064,674.145372392064,2633553.19956385,876650.498876872,763693.790629725,653683.975644506,555671.56379199,451908.945627136,436470.836560101,353075.412418584,4200.0,,,,,,,,,,,,,,,,,,,,,,,,,,,,,,,,,,,,,,,,,,,,,,,,,,,,,,,,,
56,0.0,,0.0,,0.0,0.0,,2.22222222222222,0.000555920378303817,1.0,11.25,5.2125,13927.99768,8629.21162803748,6039.68779099336,2331.96700345592,797.776774133129,603.408889010772,483.398183505213,128.121634787514,9049483.37207097,5606685.82348634,3924186.0526426,1515156.52908929,518342.106167135,392054.826050402,314079.878832931,83244.8877613654,3197.9,,,,,,,,,,,,,,,,,,,,,,,,,,,,,,,,,,,,,,,,,,,,,,,,,,,,,,,,,
53,0.0,,0.0,,0.0,0.0,,2.22222222222222,0.0237037037037037,1.0,11.25,5.2125,64.416256129341,64.4696692770435,30.0589833004216,17.1650494450129,17.1381870828141,0.0,0.0,0.0,17918.0258049375,17932.8832061024,8361.20679484527,4774.63015362478,4767.15811895557,0.0,0.0,0.0,75.0,,,,,,,,,,,,,,,,,,,,,,,,,,,,,,,,,,,,,,,,,,,,,,,,,,,,,,,,,
55,0.0,,0.0,,0.0,0.0,,2.22222222222222,0.000209236482996266,1.0,11.25,5.2125,7692.80211,5008.33382278701,1849.26455278701,1678.642202787,799.2099,708.2738,693.75,625.022,512974.536541064,333967.738263724,123313.405615179,111935.897177645,53293.2372611793,47229.3995222995,46260.9176261995,41677.9693788287,8496.5,,,,,,,,,,,,,,,,,,,,,,,,,,,,,,,,,,,,,,,,,,,,,,,,,,,,,,,,,
62,0.0,,1.0,,0.0,0.0,,0.0,0.0,1.0,0.0,0.0,1.0,1.0,1.0,1.0,1.0,1.0,1.0,1.0,,,,,,,,,1.0,,,,,,,,,,,,,,,,,,,,,,,,,,,,,,,,,,,,,,,,,,,,,,,,,,,,,,,,,
64,0.0,,1.0,,0.0,0.0,,0.0,0.0,1.0,0.0,0.0,1.0,1.0,1.0,1.0,1.0,1.0,1.0,1.0,,,,,,,,,1.0,,,,,,,,,,,,,,,,,,,,,,,,,,,,,,,,,,,,,,,,,,,,,,,,,,,,,,,,,
66,0.0,,1.0,,0.0,0.0,,0.0,0.0,1.0,0.0,0.0,1.0,1.0,1.0,1.0,1.0,1.0,1.0,1.0,,,,,,,,,1.0,,,,,,,,,,,,,,,,,,,,,,,,,,,,,,,,,,,,,,,,,,,,,,,,,,,,,,,,,
63,0.0,,1.0,,0.0,0.0,,0.0,0.0,1.0,0.0,0.0,1.0,1.0,1.0,1.0,1.0,1.0,1.0,1.0,,,,,,,,,1.0,,,,,,,,,,,,,,,,,,,,,,,,,,,,,,,,,,,,,,,,,,,,,,,,,,,,,,,,,
65,0.0,,1.0,,0.0,0.0,,0.0,0.0,1.0,0.0,0.0,1.0,1.0,1.0,1.0,1.0,1.0,1.0,1.0,,,,,,,,,1.0,,,,,,,,,,,,,,,,,,,,,,,,,,,,,,,,,,,,,,,,,,,,,,,,,,,,,,,,,
5,0.0,,1.0,,0.0,0.0,,0.0,0.0,1.0,2.0,0.2,3987.94919880424,3989.08863408864,4065.01828495971,4178.76252290012,4449.28722981993,4678.20492295943,4958.70692757557,5115.18347180115,,,,,,,,,3842.2,,,,,,,,,,,,,,,,,,,,,,,,,,,,,,,,,,,,,,,,,,,,,,,,,,,,,,,,,
0,0.0,,1.0,,504.030419461607,0.0,,0.0,0.0,1.0,2.0,2.0,1602.05080119576,1602.50853852372,1633.01122347491,1678.70489669885,1787.38088574959,1879.34238160114,1992.02648032713,2054.88670259879,,,,,,,,,1543.5,,,,,,,,,,,,,,,,,,,,,,,,,,,,,,,,,,,,,,,,,,,,,,,,,,,,,,,,,
57,0.0,,1.0,,5.74257425742574,0.264914821711842,,0.0,0.0,1.0,0.0,1.5,8149.2,8149.2,8149.2,8149.2,8149.2,8149.2,8149.2,8149.2,,,,,,,,,8149.2,,,,,,,,,,,,,,,,,,,,,,,,,,,,,,,,,,,,,,,,,,,,,,,,,,,,,,,,,
8,0.0,,1.0,,0.0,0.0,,0.0,0.0,1.0,2.0,0.2,4199.86902283289,5334.37379280553,5381.64039603292,5408.64988359143,5455.95868914313,5503.18309004621,5577.45918083211,5651.73527161801,,,,,,,,,4157.78,,,,,,,,,,,,,,,,,,,,,,,,,,,,,,,,,,,,,,,,,,,,,,,,,,,,,,,,,
2,0.0,,1.0,,1011.54541521031,0.0,,0.0,0.0,1.0,2.0,2.0,7635.72144687751,9698.34824703942,9784.2829783423,9833.3885390868,9919.39999782835,10005.2580016926,10140.29829374,10275.3385857873,,,,,,,,,7559.2,,,,,,,,,,,,,,,,,,,,,,,,,,,,,,,,,,,,,,,,,,,,,,,,,,,,,,,,,
60,0.0,,1.0,,20.3625377643505,0.25,,0.0,0.0,1.0,0.0,1.5,1917.516406843,2435.49244329492,2457.07275608361,2469.40436339143,2491.00394431654,2512.56498896881,2546.47690906532,2580.38882916183,,,,,,,,,1898.3,,,,,,,,,,,,,,,,,,,,,,,,,,,,,,,,,,,,,,,,,,,,,,,,,,,,,,,,,
6,0.0,,1.0,,0.0,0.0,,0.0,0.0,1.0,2.0,0.2,5448.80533372408,5698.26771192029,5698.26771192029,5700.1679848774,5738.89071895137,5752.19099708415,5752.19099708415,5819.04695481949,,,,,,,,,5656.0,,,,,,,,,,,,,,,,,,,,,,,,,,,,,,,,,,,,,,,,,,,,,,,,,,,,,,,,,
1,0.0,,1.0,,504.030419461607,0.0,,0.0,0.0,1.0,2.0,2.0,3846.20572532144,4022.29636694008,4022.29636694008,4023.637732667,4050.97135763129,4060.35976532243,4060.35976532243,4107.55208577881,,,,,,,,,3992.46041105121,,,,,,,,,,,,,,,,,,,,,,,,,,,,,,,,,,,,,,,,,,,,,,,,,,,,,,,,,
58,0.0,,1.0,,3.49909015403424,0.29993400791905,,0.0,0.0,1.0,0.0,1.5,3853.98894095448,4030.43592113963,4030.43592113963,4031.780001266,4059.16893879345,4068.57634494872,4068.57634494872,4115.8641641986,,,,,,,,,4000.53958894879,,,,,,,,,,,,,,,,,,,,,,,,,,,,,,,,,,,,,,,,,,,,,,,,,,,,,,,,,
7,0.0,,1.0,,0.0,0.0,,0.0,0.0,1.0,2.0,0.2,5228.09617785304,5311.77418784893,5311.77418784893,5348.63293219566,5423.71801196742,5483.95997716687,5513.94117347477,5531.95451893184,,,,,,,,,5203.3,,,,,,,,,,,,,,,,,,,,,,,,,,,,,,,,,,,,,,,,,,,,,,,,,,,,,,,,,
3,0.0,,1.0,,583.18866945645,0.0,,0.0,0.0,1.0,2.0,2.0,13283.903822147,13496.5186247443,13496.5186247443,13590.1718396528,13780.9531382815,13934.0200376925,14010.198308841,14055.967847202,,,,,,,,,13220.9,,,,,,,,,,,,,,,,,,,,,,,,,,,,,,,,,,,,,,,,,,,,,,,,,,,,,,,,,
59,0.0,,1.0,,5.74257425742574,0.249854481955765,,0.0,0.0,1.0,0.0,1.5,3795.9,3795.9,3795.9,3795.9,3795.9,3795.9,3795.9,3795.9,,,,,,,,,3795.9,,,,,,,,,,,,,,,,,,,,,,,,,,,,,,,,,,,,,,,,,,,,,,,,,,,,,,,,,
9,0.0,,1.0,,0.0,0.0,,0.0,0.0,1.0,2.0,0.2,10381.0428484447,10381.0525506381,10381.0525506381,10381.0525506381,10518.1000803526,10884.129152472,11271.3938419832,11665.4507956414,,,,,,,,,10322.333333,,,,,,,,,,,,,,,,,,,,,,,,,,,,,,,,,,,,,,,,,,,,,,,,,,,,,,,,,
4,0.0,,1.0,,424.872169466764,0.0,,0.0,0.0,1.0,2.0,2.0,8260.71811540141,8260.72583592483,8260.72583592483,8260.72583592483,8369.78145084824,8661.04920024141,8969.21519886069,9282.78614381371,,,,,,,,,8214.0,,,,,,,,,,,,,,,,,,,,,,,,,,,,,,,,,,,,,,,,,,,,,,,,,,,,,,,,,
61,0.0,,1.0,,20.3625377643505,0.27866203441868,,0.0,0.0,1.0,0.0,1.5,4993.23903615388,4993.2437028691,4993.2437028691,4993.2437028691,5059.1630026128,5235.22148517149,5421.49421260571,5611.03399123875,,,,,,,,,4965.0,,,,,,,,,,,,,,,,,,,,,,,,,,,,,,,,,,,,,,,,,,,,,,,,,,,,,,,,,
69,0.0,,1.0,,0.0,0.0,,0.0,0.0,1.0,0.0,0.0,1.0,1.0,1.0,1.0,1.0,1.0,1.0,1.0,,,,,,,,,1.0,,,,,,,,,,,,,,,,,,,,,,,,,,,,,,,,,,,,,,,,,,,,,,,,,,,,,,,,,
71,0.0,,1.0,,0.0,0.0,,0.0,0.0,1.0,0.0,0.0,1.0,1.0,1.0,1.0,1.0,1.0,1.0,1.0,,,,,,,,,1.0,,,,,,,,,,,,,,,,,,,,,,,,,,,,,,,,,,,,,,,,,,,,,,,,,,,,,,,,,
70,0.0,,1.0,,0.0,0.0,,0.0,0.0,1.0,0.0,0.0,1.0,1.0,1.0,1.0,1.0,1.0,1.0,1.0,,,,,,,,,1.0,,,,,,,,,,,,,,,,,,,,,,,,,,,,,,,,,,,,,,,,,,,,,,,,,,,,,,,,,
67,0.0,,1.0,,0.0,0.0,,0.0,0.0,1.0,0.0,0.0,1.0,1.0,1.0,1.0,1.0,1.0,1.0,1.0,,,,,,,,,1.0,,,,,,,,,,,,,,,,,,,,,,,,,,,,,,,,,,,,,,,,,,,,,,,,,,,,,,,,,
68,0.0,,1.0,,0.0,0.0,,0.0,0.0,1.0,0.0,0.0,1.0,1.0,1.0,1.0,1.0,1.0,1.0,1.0,,,,,,,,,1.0,,,,,,,,,,,,,,,,,,,,,,,,,,,,,,,,,,,,,,,,,,,,,,,,,,,,,,,,,
72,0.0,42.0,1.0,,0.0,0.0,,0.0,0.0,1.0,0.0,0.0,198.292722236694,198.292722236694,198.292722236694,198.292722236694,198.292722236694,198.292722236694,198.292722236694,198.292722236694,,,,,,,,,198.292722236694,29368.05201,15500.0,9000.0,9500.0,75179.12887,44406.28737,4968.448493,34148.67354,11500.0,31758.36277,26977.74125,64921.51504,13500.0,54663.90121,9166.666667,9333.333333,17500.0,,,,,,,,,,,,,,,,,,,,,,,,,,,,,,,,,,,,,,,,
102,0.0,,1.0,,2.0,0.1,,0.0,0.0,1.0,0.0,0.0,0.0,0.0,0.0,0.0,0.0,0.0,0.0,0.0,,,,,,,,,0.0,34249.57102,12237.0,5712.0,5712.0,86415.40924,47291.03058,,34249.57102,7887.0,34249.57102,34249.57102,73373.94968,10062.0,60332.49013,5712.0,5712.0,14412.0,,,,,,,,,,,,,,,,,,,,,,,,,,,,,,,,,,,,,,,,
73,0.0,42.0,1.0,,0.0,0.0,,0.0,0.0,1.0,0.0,0.0,109.249537184138,109.249537184138,109.249537184138,109.249537184138,109.249537184138,109.249537184138,109.249537184138,109.249537184138,,,,,,,,,109.249537184138,29368.05201,15500.0,9000.0,9500.0,75179.12887,44406.28737,2737.370753,34148.67354,11500.0,31758.36277,26977.74125,64921.51504,13500.0,54663.90121,9166.666667,9333.333333,17500.0,,,,,,,,,,,,,,,,,,,,,,,,,,,,,,,,,,,,,,,,
103,0.0,,1.0,,2.0,0.1,,0.0,0.0,1.0,0.0,0.0,0.0,0.0,0.0,0.0,0.0,0.0,0.0,0.0,,,,,,,,,0.0,34249.57102,12237.0,5712.0,5712.0,86415.40924,47291.03058,,34249.57102,7887.0,34249.57102,34249.57102,73373.94968,10062.0,60332.49013,5712.0,5712.0,14412.0,,,,,,,,,,,,,,,,,,,,,,,,,,,,,,,,,,,,,,,,
74,0.0,42.0,1.0,,0.0,0.0,,0.0,0.0,1.0,0.0,0.0,66.5655346020998,66.5655346020998,66.5655346020998,66.5655346020998,66.5655346020998,66.5655346020998,66.5655346020998,66.5655346020998,,,,,,,,,66.5655346020998,29368.05201,15500.0,9000.0,9500.0,75179.12887,44406.28737,1667.874778,34148.67354,11500.0,31758.36277,26977.74125,64921.51504,13500.0,54663.90121,9166.666667,9333.333333,17500.0,,,,,,,,,,,,,,,,,,,,,,,,,,,,,,,,,,,,,,,,
104,0.0,,1.0,,2.0,0.1,,0.0,0.0,1.0,0.0,0.0,0.0,0.0,0.0,0.0,0.0,0.0,0.0,0.0,,,,,,,,,0.0,34249.57102,12237.0,5712.0,5712.0,86415.40924,47291.03058,,34249.57102,7887.0,34249.57102,34249.57102,73373.94968,10062.0,60332.49013,5712.0,5712.0,14412.0,,,,,,,,,,,,,,,,,,,,,,,,,,,,,,,,,,,,,,,,
75,0.0,42.0,1.0,,0.0,0.0,,0.0,0.0,1.0,0.0,0.0,5.86476275128879,5.86476275128879,5.86476275128879,5.86476275128879,5.86476275128879,5.86476275128879,5.86476275128879,5.86476275128879,,,,,,,,,5.86476275128879,66928.7014,94375.0,62500.0,68500.0,146975.1969,91826.96866,146.9482658,73444.2259,77125.0,70186.46365,63670.93915,128592.4542,85750.0,110209.7114,64500.0,66500.0,103000.0,,,,,,,,,,,,,,,,,,,,,,,,,,,,,,,,,,,,,,,,
105,0.0,,1.0,,2.0,0.1,,0.0,0.0,1.0,0.0,0.0,0.0,0.0,0.0,0.0,0.0,0.0,0.0,0.0,,,,,,,,,0.0,35202.94669,23714.625,5871.0,5871.0,177858.526,70866.84151,,35202.94669,11818.875,35202.94669,35202.94669,142194.6312,17766.75,106530.7363,5871.0,5871.0,29662.5,,,,,,,,,,,,,,,,,,,,,,,,,,,,,,,,,,,,,,,,
79,0.0,42.0,1.0,,0.0,0.0,,0.0,0.0,1.0,0.0,0.0,45.5534482682772,45.5534482682772,45.5534482682772,45.5534482682772,45.5534482682772,45.5534482682772,45.5534482682772,45.5534482682772,,,,,,,,,45.5534482682772,66928.7014,94375.0,62500.0,68500.0,146975.1969,91826.96866,1141.393183,73444.2259,77125.0,70186.46365,63670.93915,128592.4542,85750.0,110209.7114,64500.0,66500.0,103000.0,,,,,,,,,,,,,,,,,,,,,,,,,,,,,,,,,,,,,,,,
109,0.0,,1.0,,2.0,0.1,,0.0,0.0,1.0,0.0,0.0,0.0,0.0,0.0,0.0,0.0,0.0,0.0,0.0,,,,,,,,,0.0,35202.94669,23714.625,5871.0,5871.0,177858.526,70866.84151,,35202.94669,11818.875,35202.94669,35202.94669,142194.6312,17766.75,106530.7363,5871.0,5871.0,29662.5,,,,,,,,,,,,,,,,,,,,,,,,,,,,,,,,,,,,,,,,
83,0.0,42.0,1.0,,0.0,0.0,,0.0,0.0,1.0,0.0,0.0,54.6848115204575,54.6848115204575,54.6848115204575,54.6848115204575,54.6848115204575,54.6848115204575,54.6848115204575,54.6848115204575,,,,,,,,,54.6848115204575,66928.7014,94375.0,62500.0,68500.0,146975.1969,91826.96866,1370.18982,73444.2259,77125.0,70186.46365,63670.93915,128592.4542,85750.0,110209.7114,64500.0,66500.0,103000.0,,,,,,,,,,,,,,,,,,,,,,,,,,,,,,,,,,,,,,,,
113,0.0,,1.0,,2.0,0.1,,0.0,0.0,1.0,0.0,0.0,0.0,0.0,0.0,0.0,0.0,0.0,0.0,0.0,,,,,,,,,0.0,35202.94669,23714.625,5871.0,5871.0,177858.526,70866.84151,,35202.94669,11818.875,35202.94669,35202.94669,142194.6312,17766.75,106530.7363,5871.0,5871.0,29662.5,,,,,,,,,,,,,,,,,,,,,,,,,,,,,,,,,,,,,,,,
87,0.0,42.0,1.0,,0.0,0.0,,0.0,0.0,1.0,0.0,0.0,113.846692443934,113.846692443934,113.846692443934,113.846692443934,113.846692443934,113.846692443934,113.846692443934,113.846692443934,,,,,,,,,113.846692443934,47237.55264,54750.0,36000.0,39000.0,95853.38931,62976.97796,2852.557679,52018.17417,44250.0,49627.86341,44847.24188,84894.58553,49500.0,73935.78174,37000.0,38000.0,60000.0,,,,,,,,,,,,,,,,,,,,,,,,,,,,,,,,,,,,,,,,
117,0.0,,1.0,,2.0,0.1,,0.0,0.0,1.0,0.0,0.0,0.0,0.0,0.0,0.0,0.0,0.0,0.0,0.0,,,,,,,,,0.0,34249.57102,12237.0,5712.0,5712.0,86415.40924,47291.03058,,34249.57102,7887.0,34249.57102,34249.57102,73373.94968,10062.0,60332.49013,5712.0,5712.0,14412.0,,,,,,,,,,,,,,,,,,,,,,,,,,,,,,,,,,,,,,,,
88,0.0,42.0,1.0,,0.0,0.0,,0.0,0.0,1.0,0.0,0.0,91.0956639565471,91.0956639565471,91.0956639565471,91.0956639565471,91.0956639565471,91.0956639565471,91.0956639565471,91.0956639565471,,,,,,,,,91.0956639565471,47237.55264,54750.0,36000.0,39000.0,95853.38931,62976.97796,2282.504921,52018.17417,44250.0,49627.86341,44847.24188,84894.58553,49500.0,73935.78174,37000.0,38000.0,60000.0,,,,,,,,,,,,,,,,,,,,,,,,,,,,,,,,,,,,,,,,
118,0.0,,1.0,,2.0,0.1,,0.0,0.0,1.0,0.0,0.0,0.0,0.0,0.0,0.0,0.0,0.0,0.0,0.0,,,,,,,,,0.0,34249.57102,12237.0,5712.0,5712.0,86415.40924,47291.03058,,34249.57102,7887.0,34249.57102,34249.57102,73373.94968,10062.0,60332.49013,5712.0,5712.0,14412.0,,,,,,,,,,,,,,,,,,,,,,,,,,,,,,,,,,,,,,,,
89,0.0,42.0,1.0,,0.0,0.0,,0.0,0.0,1.0,0.0,0.0,119.303580625141,119.303580625141,119.303580625141,119.303580625141,119.303580625141,119.303580625141,119.303580625141,119.303580625141,,,,,,,,,119.303580625141,47237.55264,54750.0,36000.0,39000.0,95853.38931,62976.97796,2989.286186,52018.17417,44250.0,49627.86341,44847.24188,84894.58553,49500.0,73935.78174,37000.0,38000.0,60000.0,,,,,,,,,,,,,,,,,,,,,,,,,,,,,,,,,,,,,,,,
119,0.0,,1.0,,2.0,0.1,,0.0,0.0,1.0,0.0,0.0,0.0,0.0,0.0,0.0,0.0,0.0,0.0,0.0,,,,,,,,,0.0,34249.57102,12237.0,5712.0,5712.0,86415.40924,47291.03058,,34249.57102,7887.0,34249.57102,34249.57102,73373.94968,10062.0,60332.49013,5712.0,5712.0,14412.0,,,,,,,,,,,,,,,,,,,,,,,,,,,,,,,,,,,,,,,,
90,0.0,42.0,1.0,,0.0,0.0,,0.0,0.0,1.0,0.0,0.0,125.844787675314,125.844787675314,125.844787675314,125.844787675314,125.844787675314,125.844787675314,125.844787675314,125.844787675314,,,,,,,,,125.844787675314,66928.7014,94375.0,62500.0,68500.0,146975.1969,91826.96866,3153.183529,73444.2259,77125.0,70186.46365,63670.93915,128592.4542,85750.0,110209.7114,64500.0,66500.0,103000.0,,,,,,,,,,,,,,,,,,,,,,,,,,,,,,,,,,,,,,,,
120,0.0,,1.0,,2.0,0.1,,0.0,0.0,1.0,0.0,0.0,0.0,0.0,0.0,0.0,0.0,0.0,0.0,0.0,,,,,,,,,0.0,35202.94669,23714.625,5871.0,5871.0,177858.526,70866.84151,,35202.94669,11818.875,35202.94669,35202.94669,142194.6312,17766.75,106530.7363,5871.0,5871.0,29662.5,,,,,,,,,,,,,,,,,,,,,,,,,,,,,,,,,,,,,,,,
94,0.0,42.0,1.0,,0.0,0.0,,0.0,0.0,1.0,0.0,0.0,94.3049576777022,94.3049576777022,94.3049576777022,94.3049576777022,94.3049576777022,94.3049576777022,94.3049576777022,94.3049576777022,,,,,,,,,94.3049576777022,66928.7014,94375.0,62500.0,68500.0,146975.1969,91826.96866,2362.917406,73444.2259,77125.0,70186.46365,63670.93915,128592.4542,85750.0,110209.7114,64500.0,66500.0,103000.0,,,,,,,,,,,,,,,,,,,,,,,,,,,,,,,,,,,,,,,,
124,0.0,,1.0,,2.0,0.1,,0.0,0.0,1.0,0.0,0.0,0.0,0.0,0.0,0.0,0.0,0.0,0.0,0.0,,,,,,,,,0.0,35202.94669,23714.625,5871.0,5871.0,177858.526,70866.84151,,35202.94669,11818.875,35202.94669,35202.94669,142194.6312,17766.75,106530.7363,5871.0,5871.0,29662.5,,,,,,,,,,,,,,,,,,,,,,,,,,,,,,,,,,,,,,,,
98,0.0,42.0,1.0,,0.0,0.0,,0.0,0.0,1.0,0.0,0.0,6.26961632028438,6.26961632028438,6.26961632028438,6.26961632028438,6.26961632028438,6.26961632028438,6.26961632028438,6.26961632028438,,,,,,,,,6.26961632028438,66928.7014,94375.0,62500.0,68500.0,146975.1969,91826.96866,157.09233,73444.2259,77125.0,70186.46365,63670.93915,128592.4542,85750.0,110209.7114,64500.0,66500.0,103000.0,,,,,,,,,,,,,,,,,,,,,,,,,,,,,,,,,,,,,,,,
128,0.0,,1.0,,2.0,0.1,,0.0,0.0,1.0,0.0,0.0,0.0,0.0,0.0,0.0,0.0,0.0,0.0,0.0,,,,,,,,,0.0,35202.94669,23714.625,5871.0,5871.0,177858.526,70866.84151,,35202.94669,11818.875,35202.94669,35202.94669,142194.6312,17766.75,106530.7363,5871.0,5871.0,29662.5,,,,,,,,,,,,,,,,,,,,,,,,,,,,,,,,,,,,,,,,
76,0.0,42.0,1.0,,0.0,0.0,,0.0,0.0,1.0,0.0,0.0,22.6330280802462,22.6330280802462,22.6330280802462,22.6330280802462,22.6330280802462,22.6330280802462,22.6330280802462,22.6330280802462,,,,,,,,,22.6330280802462,66928.7014,94375.0,62500.0,68500.0,146975.1969,91826.96866,567.0961243,73444.2259,77125.0,70186.46365,63670.93915,128592.4542,85750.0,110209.7114,64500.0,66500.0,103000.0,,,,,,,,,,,,,,,,,,,,,,,,,,,,,,,,,,,,,,,,
106,0.0,,1.0,,2.0,0.1,,0.0,0.0,1.0,0.0,0.0,0.0,0.0,0.0,0.0,0.0,0.0,0.0,0.0,,,,,,,,,0.0,35202.94669,23714.625,5871.0,5871.0,177858.526,70866.84151,,35202.94669,11818.875,35202.94669,35202.94669,142194.6312,17766.75,106530.7363,5871.0,5871.0,29662.5,,,,,,,,,,,,,,,,,,,,,,,,,,,,,,,,,,,,,,,,
226,1.0,,1.0,,24.0,0.2,,0.0,0.0,1.0,0.0,0.0,0.0,0.0,0.0,0.0,0.0,0.0,0.0,0.0,,,,,,,,,0.0,,,,,,,,,,,,,,,,,,,,,,,,,,,,,,,,,,,,,,,,,,,,,,,,,,,,,,,,,
80,0.0,42.0,1.0,,0.0,0.0,,0.0,0.0,1.0,0.0,0.0,20.0113382033411,20.0113382033411,20.0113382033411,20.0113382033411,20.0113382033411,20.0113382033411,20.0113382033411,20.0113382033411,,,,,,,,,20.0113382033411,66928.7014,94375.0,62500.0,68500.0,146975.1969,91826.96866,501.4067184,73444.2259,77125.0,70186.46365,63670.93915,128592.4542,85750.0,110209.7114,64500.0,66500.0,103000.0,,,,,,,,,,,,,,,,,,,,,,,,,,,,,,,,,,,,,,,,
110,0.0,,1.0,,2.0,0.1,,0.0,0.0,1.0,0.0,0.0,0.0,0.0,0.0,0.0,0.0,0.0,0.0,0.0,,,,,,,,,0.0,35202.94669,23714.625,5871.0,5871.0,177858.526,70866.84151,,35202.94669,11818.875,35202.94669,35202.94669,142194.6312,17766.75,106530.7363,5871.0,5871.0,29662.5,,,,,,,,,,,,,,,,,,,,,,,,,,,,,,,,,,,,,,,,
84,0.0,42.0,1.0,,0.0,0.0,,0.0,0.0,1.0,0.0,0.0,4.13235351766174,4.13235351766174,4.13235351766174,4.13235351766174,4.13235351766174,4.13235351766174,4.13235351766174,4.13235351766174,,,,,,,,,4.13235351766174,66928.7014,94375.0,62500.0,68500.0,146975.1969,91826.96866,103.5407925,73444.2259,77125.0,70186.46365,63670.93915,128592.4542,85750.0,110209.7114,64500.0,66500.0,103000.0,,,,,,,,,,,,,,,,,,,,,,,,,,,,,,,,,,,,,,,,
114,0.0,,1.0,,2.0,0.1,,0.0,0.0,1.0,0.0,0.0,0.0,0.0,0.0,0.0,0.0,0.0,0.0,0.0,,,,,,,,,0.0,35202.94669,23714.625,5871.0,5871.0,177858.526,70866.84151,,35202.94669,11818.875,35202.94669,35202.94669,142194.6312,17766.75,106530.7363,5871.0,5871.0,29662.5,,,,,,,,,,,,,,,,,,,,,,,,,,,,,,,,,,,,,,,,
77,0.0,42.0,1.0,,0.0,0.0,,0.0,0.0,1.0,0.0,0.0,17.8420951285453,17.8420951285453,17.8420951285453,17.8420951285453,17.8420951285453,17.8420951285453,17.8420951285453,17.8420951285453,,,,,,,,,17.8420951285453,66928.7014,94375.0,62500.0,68500.0,146975.1969,91826.96866,447.053879,73444.2259,77125.0,70186.46365,63670.93915,128592.4542,85750.0,110209.7114,64500.0,66500.0,103000.0,,,,,,,,,,,,,,,,,,,,,,,,,,,,,,,,,,,,,,,,
107,0.0,,1.0,,2.0,0.1,,0.0,0.0,1.0,0.0,0.0,0.0,0.0,0.0,0.0,0.0,0.0,0.0,0.0,,,,,,,,,0.0,35202.94669,23714.625,5871.0,5871.0,177858.526,70866.84151,,35202.94669,11818.875,35202.94669,35202.94669,142194.6312,17766.75,106530.7363,5871.0,5871.0,29662.5,,,,,,,,,,,,,,,,,,,,,,,,,,,,,,,,,,,,,,,,
81,0.0,42.0,1.0,,0.0,0.0,,0.0,0.0,1.0,0.0,0.0,33.4863096528161,33.4863096528161,33.4863096528161,33.4863096528161,33.4863096528161,33.4863096528161,33.4863096528161,33.4863096528161,,,,,,,,,33.4863096528161,66928.7014,94375.0,62500.0,68500.0,146975.1969,91826.96866,839.0373729,73444.2259,77125.0,70186.46365,63670.93915,128592.4542,85750.0,110209.7114,64500.0,66500.0,103000.0,,,,,,,,,,,,,,,,,,,,,,,,,,,,,,,,,,,,,,,,
111,0.0,,1.0,,2.0,0.1,,0.0,0.0,1.0,0.0,0.0,0.0,0.0,0.0,0.0,0.0,0.0,0.0,0.0,,,,,,,,,0.0,35202.94669,23714.625,5871.0,5871.0,177858.526,70866.84151,,35202.94669,11818.875,35202.94669,35202.94669,142194.6312,17766.75,106530.7363,5871.0,5871.0,29662.5,,,,,,,,,,,,,,,,,,,,,,,,,,,,,,,,,,,,,,,,
85,0.0,42.0,1.0,,0.0,0.0,,0.0,0.0,1.0,0.0,0.0,65.5666758135662,65.5666758135662,65.5666758135662,65.5666758135662,65.5666758135662,65.5666758135662,65.5666758135662,65.5666758135662,,,,,,,,,65.5666758135662,66928.7014,94375.0,62500.0,68500.0,146975.1969,91826.96866,1642.847241,73444.2259,77125.0,70186.46365,63670.93915,128592.4542,85750.0,110209.7114,64500.0,66500.0,103000.0,,,,,,,,,,,,,,,,,,,,,,,,,,,,,,,,,,,,,,,,
115,0.0,,1.0,,2.0,0.1,,0.0,0.0,1.0,0.0,0.0,0.0,0.0,0.0,0.0,0.0,0.0,0.0,0.0,,,,,,,,,0.0,35202.94669,23714.625,5871.0,5871.0,177858.526,70866.84151,,35202.94669,11818.875,35202.94669,35202.94669,142194.6312,17766.75,106530.7363,5871.0,5871.0,29662.5,,,,,,,,,,,,,,,,,,,,,,,,,,,,,,,,,,,,,,,,
78,0.0,42.0,1.0,,0.0,0.0,,0.0,0.0,1.0,0.0,0.0,36.2624062993386,36.2624062993386,36.2624062993386,36.2624062993386,36.2624062993386,36.2624062993386,36.2624062993386,36.2624062993386,,,,,,,,,36.2624062993386,66928.7014,94375.0,62500.0,68500.0,146975.1969,91826.96866,908.5956151,73444.2259,77125.0,70186.46365,63670.93915,128592.4542,85750.0,110209.7114,64500.0,66500.0,103000.0,,,,,,,,,,,,,,,,,,,,,,,,,,,,,,,,,,,,,,,,
108,0.0,,1.0,,2.0,0.1,,0.0,0.0,1.0,0.0,0.0,0.0,0.0,0.0,0.0,0.0,0.0,0.0,0.0,,,,,,,,,0.0,35202.94669,23714.625,5871.0,5871.0,177858.526,70866.84151,,35202.94669,11818.875,35202.94669,35202.94669,142194.6312,17766.75,106530.7363,5871.0,5871.0,29662.5,,,,,,,,,,,,,,,,,,,,,,,,,,,,,,,,,,,,,,,,
82,0.0,42.0,1.0,,0.0,0.0,,0.0,0.0,1.0,0.0,0.0,1.50839232683287,1.50839232683287,1.50839232683287,1.50839232683287,1.50839232683287,1.50839232683287,1.50839232683287,1.50839232683287,,,,,,,,,1.50839232683287,66928.7014,94375.0,62500.0,68500.0,146975.1969,91826.96866,37.79447626,73444.2259,77125.0,70186.46365,63670.93915,128592.4542,85750.0,110209.7114,64500.0,66500.0,103000.0,,,,,,,,,,,,,,,,,,,,,,,,,,,,,,,,,,,,,,,,
112,0.0,,1.0,,2.0,0.1,,0.0,0.0,1.0,0.0,0.0,0.0,0.0,0.0,0.0,0.0,0.0,0.0,0.0,,,,,,,,,0.0,35202.94669,23714.625,5871.0,5871.0,177858.526,70866.84151,,35202.94669,11818.875,35202.94669,35202.94669,142194.6312,17766.75,106530.7363,5871.0,5871.0,29662.5,,,,,,,,,,,,,,,,,,,,,,,,,,,,,,,,,,,,,,,,
86,0.0,42.0,1.0,,0.0,0.0,,0.0,0.0,1.0,0.0,0.0,13.3612763717774,13.3612763717774,13.3612763717774,13.3612763717774,13.3612763717774,13.3612763717774,13.3612763717774,13.3612763717774,,,,,,,,,13.3612763717774,66928.7014,94375.0,62500.0,68500.0,146975.1969,91826.96866,334.7818957,73444.2259,77125.0,70186.46365,63670.93915,128592.4542,85750.0,110209.7114,64500.0,66500.0,103000.0,,,,,,,,,,,,,,,,,,,,,,,,,,,,,,,,,,,,,,,,
116,0.0,,1.0,,2.0,0.1,,0.0,0.0,1.0,0.0,0.0,0.0,0.0,0.0,0.0,0.0,0.0,0.0,0.0,,,,,,,,,0.0,35202.94669,23714.625,5871.0,5871.0,177858.526,70866.84151,,35202.94669,11818.875,35202.94669,35202.94669,142194.6312,17766.75,106530.7363,5871.0,5871.0,29662.5,,,,,,,,,,,,,,,,,,,,,,,,,,,,,,,,,,,,,,,,
91,0.0,42.0,1.0,,0.0,0.0,,0.0,0.0,1.0,0.0,0.0,100.357235737536,100.357235737536,100.357235737536,100.357235737536,100.357235737536,100.357235737536,100.357235737536,100.357235737536,,,,,,,,,100.357235737536,66928.7014,94375.0,62500.0,68500.0,146975.1969,91826.96866,2514.56408,73444.2259,77125.0,70186.46365,63670.93915,128592.4542,85750.0,110209.7114,64500.0,66500.0,103000.0,,,,,,,,,,,,,,,,,,,,,,,,,,,,,,,,,,,,,,,,
121,0.0,,1.0,,2.0,0.1,,0.0,0.0,1.0,0.0,0.0,0.0,0.0,0.0,0.0,0.0,0.0,0.0,0.0,,,,,,,,,0.0,35202.94669,23714.625,5871.0,5871.0,177858.526,70866.84151,,35202.94669,11818.875,35202.94669,35202.94669,142194.6312,17766.75,106530.7363,5871.0,5871.0,29662.5,,,,,,,,,,,,,,,,,,,,,,,,,,,,,,,,,,,,,,,,
92,0.0,42.0,1.0,,0.0,0.0,,0.0,0.0,1.0,0.0,0.0,66.2676350222562,66.2676350222562,66.2676350222562,66.2676350222562,66.2676350222562,66.2676350222562,66.2676350222562,66.2676350222562,,,,,,,,,66.2676350222562,66928.7014,94375.0,62500.0,68500.0,146975.1969,91826.96866,1660.410567,73444.2259,77125.0,70186.46365,63670.93915,128592.4542,85750.0,110209.7114,64500.0,66500.0,103000.0,,,,,,,,,,,,,,,,,,,,,,,,,,,,,,,,,,,,,,,,
122,0.0,,1.0,,2.0,0.1,,0.0,0.0,1.0,0.0,0.0,0.0,0.0,0.0,0.0,0.0,0.0,0.0,0.0,,,,,,,,,0.0,35202.94669,23714.625,5871.0,5871.0,177858.526,70866.84151,,35202.94669,11818.875,35202.94669,35202.94669,142194.6312,17766.75,106530.7363,5871.0,5871.0,29662.5,,,,,,,,,,,,,,,,,,,,,,,,,,,,,,,,,,,,,,,,
93,0.0,42.0,1.0,,0.0,0.0,,0.0,0.0,1.0,0.0,0.0,26.4433351339471,26.4433351339471,26.4433351339471,26.4433351339471,26.4433351339471,26.4433351339471,26.4433351339471,26.4433351339471,,,,,,,,,26.4433351339471,66928.7014,94375.0,62500.0,68500.0,146975.1969,91826.96866,662.5676783,73444.2259,77125.0,70186.46365,63670.93915,128592.4542,85750.0,110209.7114,64500.0,66500.0,103000.0,,,,,,,,,,,,,,,,,,,,,,,,,,,,,,,,,,,,,,,,
123,0.0,,1.0,,2.0,0.1,,0.0,0.0,1.0,0.0,0.0,0.0,0.0,0.0,0.0,0.0,0.0,0.0,0.0,,,,,,,,,0.0,35202.94669,23714.625,5871.0,5871.0,177858.526,70866.84151,,35202.94669,11818.875,35202.94669,35202.94669,142194.6312,17766.75,106530.7363,5871.0,5871.0,29662.5,,,,,,,,,,,,,,,,,,,,,,,,,,,,,,,,,,,,,,,,
95,0.0,42.0,1.0,,0.0,0.0,,0.0,0.0,1.0,0.0,0.0,64.2568093960858,64.2568093960858,64.2568093960858,64.2568093960858,64.2568093960858,64.2568093960858,64.2568093960858,64.2568093960858,,,,,,,,,64.2568093960858,66928.7014,94375.0,62500.0,68500.0,146975.1969,91826.96866,1610.027056,73444.2259,77125.0,70186.46365,63670.93915,128592.4542,85750.0,110209.7114,64500.0,66500.0,103000.0,,,,,,,,,,,,,,,,,,,,,,,,,,,,,,,,,,,,,,,,
125,0.0,,1.0,,2.0,0.1,,0.0,0.0,1.0,0.0,0.0,0.0,0.0,0.0,0.0,0.0,0.0,0.0,0.0,,,,,,,,,0.0,35202.94669,23714.625,5871.0,5871.0,177858.526,70866.84151,,35202.94669,11818.875,35202.94669,35202.94669,142194.6312,17766.75,106530.7363,5871.0,5871.0,29662.5,,,,,,,,,,,,,,,,,,,,,,,,,,,,,,,,,,,,,,,,
230,1.0,,1.0,,24.0,0.2,,0.0,0.0,1.0,0.0,0.0,0.0,0.0,0.0,0.0,0.0,0.0,0.0,0.0,,,,,,,,,0.0,,,,,,,,,,,,,,,,,,,,,,,,,,,,,,,,,,,,,,,,,,,,,,,,,,,,,,,,,
96,0.0,42.0,1.0,,0.0,0.0,,0.0,0.0,1.0,0.0,0.0,20.5714245912639,20.5714245912639,20.5714245912639,20.5714245912639,20.5714245912639,20.5714245912639,20.5714245912639,20.5714245912639,,,,,,,,,20.5714245912639,66928.7014,94375.0,62500.0,68500.0,146975.1969,91826.96866,515.4403165,73444.2259,77125.0,70186.46365,63670.93915,128592.4542,85750.0,110209.7114,64500.0,66500.0,103000.0,,,,,,,,,,,,,,,,,,,,,,,,,,,,,,,,,,,,,,,,
126,0.0,,1.0,,2.0,0.1,,0.0,0.0,1.0,0.0,0.0,0.0,0.0,0.0,0.0,0.0,0.0,0.0,0.0,,,,,,,,,0.0,35202.94669,23714.625,5871.0,5871.0,177858.526,70866.84151,,35202.94669,11818.875,35202.94669,35202.94669,142194.6312,17766.75,106530.7363,5871.0,5871.0,29662.5,,,,,,,,,,,,,,,,,,,,,,,,,,,,,,,,,,,,,,,,
97,0.0,42.0,1.0,,0.0,0.0,,0.0,0.0,1.0,0.0,0.0,52.2375500834392,52.2375500834392,52.2375500834392,52.2375500834392,52.2375500834392,52.2375500834392,52.2375500834392,52.2375500834392,,,,,,,,,52.2375500834392,66928.7014,94375.0,62500.0,68500.0,146975.1969,91826.96866,1308.870916,73444.2259,77125.0,70186.46365,63670.93915,128592.4542,85750.0,110209.7114,64500.0,66500.0,103000.0,,,,,,,,,,,,,,,,,,,,,,,,,,,,,,,,,,,,,,,,
127,0.0,,1.0,,2.0,0.1,,0.0,0.0,1.0,0.0,0.0,0.0,0.0,0.0,0.0,0.0,0.0,0.0,0.0,,,,,,,,,0.0,35202.94669,23714.625,5871.0,5871.0,177858.526,70866.84151,,35202.94669,11818.875,35202.94669,35202.94669,142194.6312,17766.75,106530.7363,5871.0,5871.0,29662.5,,,,,,,,,,,,,,,,,,,,,,,,,,,,,,,,,,,,,,,,
99,0.0,42.0,1.0,,0.0,0.0,,0.0,0.0,1.0,0.0,0.0,30.1906139699917,30.1906139699917,30.1906139699917,30.1906139699917,30.1906139699917,30.1906139699917,30.1906139699917,30.1906139699917,,,,,,,,,30.1906139699917,66928.7014,94375.0,62500.0,68500.0,146975.1969,91826.96866,756.459989,73444.2259,77125.0,70186.46365,63670.93915,128592.4542,85750.0,110209.7114,64500.0,66500.0,103000.0,,,,,,,,,,,,,,,,,,,,,,,,,,,,,,,,,,,,,,,,
129,0.0,,1.0,,2.0,0.1,,0.0,0.0,1.0,0.0,0.0,0.0,0.0,0.0,0.0,0.0,0.0,0.0,0.0,,,,,,,,,0.0,35202.94669,23714.625,5871.0,5871.0,177858.526,70866.84151,,35202.94669,11818.875,35202.94669,35202.94669,142194.6312,17766.75,106530.7363,5871.0,5871.0,29662.5,,,,,,,,,,,,,,,,,,,,,,,,,,,,,,,,,,,,,,,,
100,0.0,42.0,1.0,,0.0,0.0,,0.0,0.0,1.0,0.0,0.0,43.6944029767373,43.6944029767373,43.6944029767373,43.6944029767373,43.6944029767373,43.6944029767373,43.6944029767373,43.6944029767373,,,,,,,,,43.6944029767373,66928.7014,94375.0,62500.0,68500.0,146975.1969,91826.96866,1094.8127,73444.2259,77125.0,70186.46365,63670.93915,128592.4542,85750.0,110209.7114,64500.0,66500.0,103000.0,,,,,,,,,,,,,,,,,,,,,,,,,,,,,,,,,,,,,,,,
130,0.0,,1.0,,2.0,0.1,,0.0,0.0,1.0,0.0,0.0,0.0,0.0,0.0,0.0,0.0,0.0,0.0,0.0,,,,,,,,,0.0,35202.94669,23714.625,5871.0,5871.0,177858.526,70866.84151,,35202.94669,11818.875,35202.94669,35202.94669,142194.6312,17766.75,106530.7363,5871.0,5871.0,29662.5,,,,,,,,,,,,,,,,,,,,,,,,,,,,,,,,,,,,,,,,
101,0.0,42.0,1.0,,0.0,0.0,,0.0,0.0,1.0,0.0,0.0,16.3010024327394,16.3010024327394,16.3010024327394,16.3010024327394,16.3010024327394,16.3010024327394,16.3010024327394,16.3010024327394,,,,,,,,,16.3010024327394,66928.7014,94375.0,62500.0,68500.0,146975.1969,91826.96866,408.440058,73444.2259,77125.0,70186.46365,63670.93915,128592.4542,85750.0,110209.7114,64500.0,66500.0,103000.0,,,,,,,,,,,,,,,,,,,,,,,,,,,,,,,,,,,,,,,,
131,0.0,,1.0,,2.0,0.1,,0.0,0.0,1.0,0.0,0.0,0.0,0.0,0.0,0.0,0.0,0.0,0.0,0.0,,,,,,,,,0.0,35202.94669,23714.625,5871.0,5871.0,177858.526,70866.84151,,35202.94669,11818.875,35202.94669,35202.94669,142194.6312,17766.75,106530.7363,5871.0,5871.0,29662.5,,,,,,,,,,,,,,,,,,,,,,,,,,,,,,,,,,,,,,,,
132,0.0,,1.0,,4.0,0.3,,0.0,0.0,1.0,0.0,0.0,0.0,0.0,0.0,0.0,0.0,0.0,0.0,0.0,,,,,,,,,0.0,54849.02903,32133.75,12498.0,12498.0,180426.8542,86243.48531,,54849.02903,19043.25,54849.02903,54849.02903,149032.3979,25588.5,117637.9416,12498.0,12498.0,38679.0,,,,,,,,,,,,,,,,,,,,,,,,,,,,,,,,,,,,,,,,
133,0.0,,1.0,,4.0,0.3,,0.0,0.0,1.0,0.0,0.0,0.0,0.0,0.0,0.0,0.0,0.0,0.0,0.0,,,,,,,,,0.0,54849.02903,32133.75,12498.0,12498.0,180426.8542,86243.48531,,54849.02903,19043.25,54849.02903,54849.02903,149032.3979,25588.5,117637.9416,12498.0,12498.0,38679.0,,,,,,,,,,,,,,,,,,,,,,,,,,,,,,,,,,,,,,,,
134,0.0,,1.0,,4.0,0.3,,0.0,0.0,1.0,0.0,0.0,0.0,0.0,0.0,0.0,0.0,0.0,0.0,0.0,,,,,,,,,0.0,54849.02903,32133.75,12498.0,12498.0,180426.8542,86243.48531,,54849.02903,19043.25,54849.02903,54849.02903,149032.3979,25588.5,117637.9416,12498.0,12498.0,38679.0,,,,,,,,,,,,,,,,,,,,,,,,,,,,,,,,,,,,,,,,
147,0.0,,1.0,,4.0,0.3,,0.0,0.0,1.0,0.0,0.0,0.0,0.0,0.0,0.0,0.0,0.0,0.0,0.0,,,,,,,,,0.0,54849.02903,32133.75,12498.0,12498.0,180426.8542,86243.48531,,54849.02903,19043.25,54849.02903,54849.02903,149032.3979,25588.5,117637.9416,12498.0,12498.0,38679.0,,,,,,,,,,,,,,,,,,,,,,,,,,,,,,,,,,,,,,,,
148,0.0,,1.0,,4.0,0.3,,0.0,0.0,1.0,0.0,0.0,0.0,0.0,0.0,0.0,0.0,0.0,0.0,0.0,,,,,,,,,0.0,54849.02903,32133.75,12498.0,12498.0,180426.8542,86243.48531,,54849.02903,19043.25,54849.02903,54849.02903,149032.3979,25588.5,117637.9416,12498.0,12498.0,38679.0,,,,,,,,,,,,,,,,,,,,,,,,,,,,,,,,,,,,,,,,
149,0.0,,1.0,,4.0,0.3,,0.0,0.0,1.0,0.0,0.0,0.0,0.0,0.0,0.0,0.0,0.0,0.0,0.0,,,,,,,,,0.0,54849.02903,32133.75,12498.0,12498.0,180426.8542,86243.48531,,54849.02903,19043.25,54849.02903,54849.02903,149032.3979,25588.5,117637.9416,12498.0,12498.0,38679.0,,,,,,,,,,,,,,,,,,,,,,,,,,,,,,,,,,,,,,,,
135,0.0,,1.0,,4.0,0.3,,0.0,0.0,1.0,0.0,0.0,0.0,0.0,0.0,0.0,0.0,0.0,0.0,0.0,,,,,,,,,0.0,56045.24566,42570.75,12697.5,12697.5,249042.5,104294.5592,,56045.24566,22655.25,56045.24566,56045.24566,200793.1864,32613.0,152543.8728,12697.5,12697.5,52528.5,,,,,,,,,,,,,,,,,,,,,,,,,,,,,,,,,,,,,,,,
139,0.0,,1.0,,4.0,0.3,,0.0,0.0,1.0,0.0,0.0,0.0,0.0,0.0,0.0,0.0,0.0,0.0,0.0,,,,,,,,,0.0,56045.24566,42570.75,12697.5,12697.5,249042.5,104294.5592,,56045.24566,22655.25,56045.24566,56045.24566,200793.1864,32613.0,152543.8728,12697.5,12697.5,52528.5,,,,,,,,,,,,,,,,,,,,,,,,,,,,,,,,,,,,,,,,
143,0.0,,1.0,,4.0,0.3,,0.0,0.0,1.0,0.0,0.0,0.0,0.0,0.0,0.0,0.0,0.0,0.0,0.0,,,,,,,,,0.0,56045.24566,42570.75,12697.5,12697.5,249042.5,104294.5592,,56045.24566,22655.25,56045.24566,56045.24566,200793.1864,32613.0,152543.8728,12697.5,12697.5,52528.5,,,,,,,,,,,,,,,,,,,,,,,,,,,,,,,,,,,,,,,,
150,0.0,,1.0,,4.0,0.3,,0.0,0.0,1.0,0.0,0.0,0.0,0.0,0.0,0.0,0.0,0.0,0.0,0.0,,,,,,,,,0.0,56045.24566,42570.75,12697.5,12697.5,249042.5,104294.5592,,56045.24566,22655.25,56045.24566,56045.24566,200793.1864,32613.0,152543.8728,12697.5,12697.5,52528.5,,,,,,,,,,,,,,,,,,,,,,,,,,,,,,,,,,,,,,,,
154,0.0,,1.0,,4.0,0.3,,0.0,0.0,1.0,0.0,0.0,0.0,0.0,0.0,0.0,0.0,0.0,0.0,0.0,,,,,,,,,0.0,56045.24566,42570.75,12697.5,12697.5,249042.5,104294.5592,,56045.24566,22655.25,56045.24566,56045.24566,200793.1864,32613.0,152543.8728,12697.5,12697.5,52528.5,,,,,,,,,,,,,,,,,,,,,,,,,,,,,,,,,,,,,,,,
158,0.0,,1.0,,4.0,0.3,,0.0,0.0,1.0,0.0,0.0,0.0,0.0,0.0,0.0,0.0,0.0,0.0,0.0,,,,,,,,,0.0,56045.24566,42570.75,12697.5,12697.5,249042.5,104294.5592,,56045.24566,22655.25,56045.24566,56045.24566,200793.1864,32613.0,152543.8728,12697.5,12697.5,52528.5,,,,,,,,,,,,,,,,,,,,,,,,,,,,,,,,,,,,,,,,
210,1.0,,1.0,,24.0,0.2,,0.0,0.0,1.0,0.0,0.0,0.0,0.0,0.0,0.0,0.0,0.0,0.0,0.0,,,,,,,,,0.0,,,,,,,,,,,,,,,,,,,,,,,,,,,,,,,,,,,,,,,,,,,,,,,,,,,,,,,,,
214,1.0,,1.0,,24.0,0.2,,0.0,0.0,1.0,0.0,0.0,0.0,0.0,0.0,0.0,0.0,0.0,0.0,0.0,,,,,,,,,0.0,,,,,,,,,,,,,,,,,,,,,,,,,,,,,,,,,,,,,,,,,,,,,,,,,,,,,,,,,
218,1.0,,1.0,,24.0,0.2,,0.0,0.0,1.0,0.0,0.0,0.0,0.0,0.0,0.0,0.0,0.0,0.0,0.0,,,,,,,,,0.0,,,,,,,,,,,,,,,,,,,,,,,,,,,,,,,,,,,,,,,,,,,,,,,,,,,,,,,,,
222,1.0,,1.0,,24.0,0.2,,0.0,0.0,1.0,0.0,0.0,0.0,0.0,0.0,0.0,0.0,0.0,0.0,0.0,,,,,,,,,0.0,,,,,,,,,,,,,,,,,,,,,,,,,,,,,,,,,,,,,,,,,,,,,,,,,,,,,,,,,
162,1.0,,3.0,,0.0,0.0,,0.0,0.0,1.0,0.0,0.0,0.0,34.0,68.0,102.0,136.0,170.0,204.0,238.0,,,,,,,,,0.0,,,,,,,,,,,,,,,,,,0.0,0.0,0.0,0.0,0.0,27.0,25.0,20.0,17.0,13.0,54.0,51.0,40.0,34.0,27.0,80.0,76.0,60.0,51.0,40.0,107.0,101.0,80.0,68.0,53.0,134.0,127.0,100.0,85.0,67.0,161.0,152.0,120.0,102.0,80.0,188.0,177.0,139.0,119.0,93.0
166,1.0,,3.0,,0.0,0.0,,0.0,0.0,1.0,0.0,0.0,0.0,652.0,1304.0,1957.0,2609.0,3261.0,3913.0,4565.0,,,,,,,,,0.0,,,,,,,,,,,,,,,,,,0.0,0.0,0.0,0.0,0.0,624.0,497.0,476.0,330.0,316.0,1249.0,994.0,951.0,661.0,632.0,1873.0,1490.0,1427.0,991.0,948.0,2497.0,1987.0,1902.0,1322.0,1264.0,3121.0,2484.0,2378.0,1652.0,1579.0,3746.0,2981.0,2853.0,1982.0,1895.0,4370.0,3477.0,3329.0,2313.0,2211.0
170,1.0,,3.0,,0.0,0.0,,0.0,0.0,1.0,0.0,0.0,0.0,390.0,780.0,1169.0,1559.0,1949.0,2339.0,2728.0,,,,,,,,,0.0,,,,,,,,,,,,,,,,,,0.0,0.0,0.0,0.0,0.0,385.0,298.0,295.0,205.0,203.0,771.0,596.0,589.0,411.0,406.0,1156.0,894.0,884.0,616.0,608.0,1542.0,1191.0,1178.0,821.0,811.0,1927.0,1489.0,1473.0,1026.0,1014.0,2313.0,1787.0,1767.0,1232.0,1217.0,2698.0,2085.0,2062.0,1437.0,1420.0
174,1.0,,3.0,,0.0,0.0,,0.0,0.0,1.0,0.0,0.0,0.0,469.0,938.0,1407.0,1877.0,2346.0,2815.0,3284.0,,,,,,,,,0.0,,,,,,,,,,,,,,,,,,0.0,0.0,0.0,0.0,0.0,307.0,363.0,238.0,256.0,167.0,613.0,727.0,475.0,511.0,334.0,920.0,1090.0,713.0,767.0,501.0,1227.0,1453.0,950.0,1023.0,668.0,1533.0,1817.0,1188.0,1279.0,836.0,1840.0,2180.0,1426.0,1534.0,1003.0,2147.0,2543.0,1663.0,1790.0,1170.0
178,1.0,,3.0,,0.0,0.0,,0.0,0.0,1.0,0.0,0.0,0.0,673.0,1346.0,2018.0,2691.0,3364.0,4037.0,4709.0,,,,,,,,,0.0,,,,,,,,,,,,,,,,,,0.0,0.0,0.0,0.0,0.0,542.0,520.0,420.0,360.0,290.0,1085.0,1041.0,839.0,721.0,580.0,1627.0,1561.0,1259.0,1081.0,870.0,2170.0,2081.0,1678.0,1442.0,1159.0,2712.0,2602.0,2098.0,1802.0,1449.0,3255.0,3122.0,2517.0,2163.0,1739.0,3797.0,3642.0,2937.0,2523.0,2029.0
182,1.0,,3.0,,0.0,0.0,,0.0,0.0,1.0,0.0,0.0,0.0,25.0,51.0,76.0,102.0,127.0,152.0,178.0,,,,,,,,,0.0,,,,,,,,,,,,,,,,,,0.0,0.0,0.0,0.0,0.0,22.0,20.0,17.0,13.0,12.0,44.0,39.0,34.0,27.0,23.0,67.0,59.0,52.0,40.0,35.0,89.0,78.0,69.0,53.0,46.0,111.0,98.0,86.0,67.0,58.0,133.0,118.0,103.0,80.0,70.0,156.0,137.0,121.0,93.0,81.0
186,2.0,,4.0,,0.0,0.0,,0.0,0.0,1.0,0.0,0.0,0.0,7.0,15.0,22.0,30.0,37.0,44.0,52.0,,,,,,,,,0.0,,,,,,,,,,,,,,,,,,0.0,0.0,0.0,0.0,0.0,6.0,6.0,4.0,4.0,3.0,12.0,11.0,9.0,7.0,6.0,18.0,17.0,13.0,11.0,9.0,23.0,22.0,17.0,15.0,12.0,29.0,28.0,22.0,18.0,14.0,35.0,33.0,26.0,22.0,17.0,41.0,39.0,30.0,26.0,20.0
190,2.0,,4.0,,0.0,0.0,,0.0,0.0,1.0,0.0,0.0,0.0,106.0,211.0,317.0,422.0,528.0,634.0,739.0,,,,,,,,,0.0,,,,,,,,,,,,,,,,,,0.0,0.0,0.0,0.0,0.0,101.0,80.0,77.0,54.0,51.0,202.0,161.0,154.0,107.0,102.0,303.0,241.0,231.0,161.0,153.0,404.0,322.0,308.0,214.0,205.0,505.0,402.0,385.0,268.0,256.0,607.0,483.0,462.0,321.0,307.0,708.0,563.0,539.0,375.0,358.0
194,2.0,,4.0,,0.0,0.0,,0.0,0.0,1.0,0.0,0.0,0.0,56.0,112.0,168.0,224.0,280.0,336.0,392.0,,,,,,,,,0.0,,,,,,,,,,,,,,,,,,0.0,0.0,0.0,0.0,0.0,55.0,43.0,42.0,30.0,29.0,111.0,86.0,85.0,59.0,58.0,166.0,129.0,127.0,89.0,88.0,222.0,171.0,169.0,118.0,117.0,277.0,214.0,212.0,148.0,146.0,333.0,257.0,254.0,177.0,175.0,388.0,300.0,297.0,207.0,204.0
198,2.0,,4.0,,0.0,0.0,,0.0,0.0,1.0,0.0,0.0,0.0,77.0,155.0,232.0,310.0,387.0,464.0,542.0,,,,,,,,,0.0,,,,,,,,,,,,,,,,,,0.0,0.0,0.0,0.0,0.0,51.0,60.0,39.0,42.0,28.0,101.0,120.0,78.0,84.0,55.0,152.0,180.0,118.0,127.0,83.0,202.0,240.0,157.0,169.0,110.0,253.0,300.0,196.0,211.0,138.0,304.0,360.0,235.0,253.0,165.0,354.0,420.0,274.0,295.0,193.0
202,2.0,,4.0,,0.0,0.0,,0.0,0.0,1.0,0.0,0.0,0.0,108.0,215.0,323.0,430.0,538.0,645.0,753.0,,,,,,,,,0.0,,,,,,,,,,,,,,,,,,0.0,0.0,0.0,0.0,0.0,87.0,83.0,67.0,58.0,46.0,173.0,166.0,134.0,115.0,93.0,260.0,250.0,201.0,173.0,139.0,347.0,333.0,268.0,231.0,185.0,434.0,416.0,335.0,288.0,232.0,520.0,499.0,402.0,346.0,278.0,607.0,582.0,470.0,403.0,324.0
206,2.0,,4.0,,0.0,0.0,,0.0,0.0,1.0,0.0,0.0,0.0,4.0,8.0,12.0,16.0,21.0,25.0,29.0,,,,,,,,,0.0,,,,,,,,,,,,,,,,,,0.0,0.0,0.0,0.0,0.0,4.0,3.0,3.0,2.0,2.0,7.0,6.0,6.0,4.0,4.0,11.0,10.0,8.0,6.0,6.0,14.0,13.0,11.0,9.0,8.0,18.0,16.0,14.0,11.0,9.0,22.0,19.0,17.0,13.0,11.0,25.0,22.0,20.0,15.0,13.0
136,0.0,,1.0,,4.0,0.3,,0.0,0.0,1.0,0.0,0.0,0.0,0.0,0.0,0.0,0.0,0.0,0.0,0.0,,,,,,,,,0.0,56045.24566,42570.75,12697.5,12697.5,249042.5,104294.5592,,56045.24566,22655.25,56045.24566,56045.24566,200793.1864,32613.0,152543.8728,12697.5,12697.5,52528.5,,,,,,,,,,,,,,,,,,,,,,,,,,,,,,,,,,,,,,,,
140,0.0,,1.0,,4.0,0.3,,0.0,0.0,1.0,0.0,0.0,0.0,0.0,0.0,0.0,0.0,0.0,0.0,0.0,,,,,,,,,0.0,56045.24566,42570.75,12697.5,12697.5,249042.5,104294.5592,,56045.24566,22655.25,56045.24566,56045.24566,200793.1864,32613.0,152543.8728,12697.5,12697.5,52528.5,,,,,,,,,,,,,,,,,,,,,,,,,,,,,,,,,,,,,,,,
144,0.0,,1.0,,4.0,0.3,,0.0,0.0,1.0,0.0,0.0,0.0,0.0,0.0,0.0,0.0,0.0,0.0,0.0,,,,,,,,,0.0,56045.24566,42570.75,12697.5,12697.5,249042.5,104294.5592,,56045.24566,22655.25,56045.24566,56045.24566,200793.1864,32613.0,152543.8728,12697.5,12697.5,52528.5,,,,,,,,,,,,,,,,,,,,,,,,,,,,,,,,,,,,,,,,
151,0.0,,1.0,,4.0,0.3,,0.0,0.0,1.0,0.0,0.0,0.0,0.0,0.0,0.0,0.0,0.0,0.0,0.0,,,,,,,,,0.0,56045.24566,42570.75,12697.5,12697.5,249042.5,104294.5592,,56045.24566,22655.25,56045.24566,56045.24566,200793.1864,32613.0,152543.8728,12697.5,12697.5,52528.5,,,,,,,,,,,,,,,,,,,,,,,,,,,,,,,,,,,,,,,,
155,0.0,,1.0,,4.0,0.3,,0.0,0.0,1.0,0.0,0.0,0.0,0.0,0.0,0.0,0.0,0.0,0.0,0.0,,,,,,,,,0.0,56045.24566,42570.75,12697.5,12697.5,249042.5,104294.5592,,56045.24566,22655.25,56045.24566,56045.24566,200793.1864,32613.0,152543.8728,12697.5,12697.5,52528.5,,,,,,,,,,,,,,,,,,,,,,,,,,,,,,,,,,,,,,,,
159,0.0,,1.0,,4.0,0.3,,0.0,0.0,1.0,0.0,0.0,0.0,0.0,0.0,0.0,0.0,0.0,0.0,0.0,,,,,,,,,0.0,56045.24566,42570.75,12697.5,12697.5,249042.5,104294.5592,,56045.24566,22655.25,56045.24566,56045.24566,200793.1864,32613.0,152543.8728,12697.5,12697.5,52528.5,,,,,,,,,,,,,,,,,,,,,,,,,,,,,,,,,,,,,,,,
211,1.0,,1.0,,24.0,0.2,,0.0,0.0,1.0,0.0,0.0,0.0,0.0,0.0,0.0,0.0,0.0,0.0,0.0,,,,,,,,,0.0,,,,,,,,,,,,,,,,,,,,,,,,,,,,,,,,,,,,,,,,,,,,,,,,,,,,,,,,,
215,1.0,,1.0,,24.0,0.2,,0.0,0.0,1.0,0.0,0.0,0.0,0.0,0.0,0.0,0.0,0.0,0.0,0.0,,,,,,,,,0.0,,,,,,,,,,,,,,,,,,,,,,,,,,,,,,,,,,,,,,,,,,,,,,,,,,,,,,,,,
219,1.0,,1.0,,24.0,0.2,,0.0,0.0,1.0,0.0,0.0,0.0,0.0,0.0,0.0,0.0,0.0,0.0,0.0,,,,,,,,,0.0,,,,,,,,,,,,,,,,,,,,,,,,,,,,,,,,,,,,,,,,,,,,,,,,,,,,,,,,,
223,1.0,,1.0,,24.0,0.2,,0.0,0.0,1.0,0.0,0.0,0.0,0.0,0.0,0.0,0.0,0.0,0.0,0.0,,,,,,,,,0.0,,,,,,,,,,,,,,,,,,,,,,,,,,,,,,,,,,,,,,,,,,,,,,,,,,,,,,,,,
227,1.0,,1.0,,24.0,0.2,,0.0,0.0,1.0,0.0,0.0,0.0,0.0,0.0,0.0,0.0,0.0,0.0,0.0,,,,,,,,,0.0,,,,,,,,,,,,,,,,,,,,,,,,,,,,,,,,,,,,,,,,,,,,,,,,,,,,,,,,,
231,1.0,,1.0,,24.0,0.2,,0.0,0.0,1.0,0.0,0.0,0.0,0.0,0.0,0.0,0.0,0.0,0.0,0.0,,,,,,,,,0.0,,,,,,,,,,,,,,,,,,,,,,,,,,,,,,,,,,,,,,,,,,,,,,,,,,,,,,,,,
163,1.0,,3.0,,0.0,0.0,,0.0,0.0,1.0,0.0,0.0,0.0,86.0,173.0,259.0,346.0,432.0,519.0,605.0,,,,,,,,,0.0,,,,,,,,,,,,,,,,,,0.0,0.0,0.0,0.0,0.0,74.0,71.0,60.0,55.0,46.0,148.0,142.0,120.0,111.0,92.0,222.0,213.0,180.0,166.0,138.0,296.0,284.0,240.0,221.0,185.0,370.0,355.0,300.0,277.0,231.0,444.0,426.0,361.0,332.0,277.0,518.0,497.0,421.0,387.0,323.0
167,1.0,,3.0,,0.0,0.0,,0.0,0.0,1.0,0.0,0.0,0.0,165.0,329.0,494.0,659.0,823.0,988.0,1152.0,,,,,,,,,0.0,,,,,,,,,,,,,,,,,,0.0,0.0,0.0,0.0,0.0,148.0,138.0,123.0,112.0,99.0,295.0,277.0,247.0,223.0,197.0,443.0,415.0,370.0,335.0,296.0,591.0,554.0,494.0,446.0,394.0,739.0,692.0,617.0,558.0,493.0,886.0,831.0,741.0,670.0,591.0,1034.0,969.0,864.0,781.0,690.0
171,1.0,,3.0,,0.0,0.0,,0.0,0.0,1.0,0.0,0.0,0.0,15.0,29.0,44.0,59.0,73.0,88.0,103.0,,,,,,,,,0.0,,,,,,,,,,,,,,,,,,0.0,0.0,0.0,0.0,0.0,12.0,14.0,11.0,14.0,11.0,24.0,28.0,23.0,28.0,23.0,36.0,42.0,34.0,42.0,34.0,48.0,56.0,46.0,56.0,45.0,60.0,71.0,57.0,70.0,56.0,72.0,85.0,69.0,84.0,68.0,84.0,99.0,80.0,97.0,79.0
175,1.0,,3.0,,0.0,0.0,,0.0,0.0,1.0,0.0,0.0,0.0,403.0,806.0,1208.0,1611.0,2014.0,2417.0,2820.0,,,,,,,,,0.0,,,,,,,,,,,,,,,,,,0.0,0.0,0.0,0.0,0.0,236.0,307.0,179.0,211.0,123.0,472.0,614.0,358.0,422.0,246.0,708.0,920.0,537.0,633.0,369.0,943.0,1227.0,716.0,844.0,492.0,1179.0,1534.0,895.0,1055.0,615.0,1415.0,1841.0,1074.0,1266.0,739.0,1651.0,2148.0,1253.0,1477.0,862.0
179,1.0,,3.0,,0.0,0.0,,0.0,0.0,1.0,0.0,0.0,0.0,375.0,751.0,1126.0,1501.0,1876.0,2252.0,2627.0,,,,,,,,,0.0,,,,,,,,,,,,,,,,,,0.0,0.0,0.0,0.0,0.0,291.0,295.0,228.0,209.0,162.0,581.0,590.0,456.0,418.0,325.0,872.0,884.0,684.0,627.0,487.0,1163.0,1179.0,912.0,836.0,649.0,1453.0,1474.0,1141.0,1044.0,812.0,1744.0,1769.0,1369.0,1253.0,974.0,2035.0,2064.0,1597.0,1462.0,1136.0
183,1.0,,3.0,,0.0,0.0,,0.0,0.0,1.0,0.0,0.0,0.0,106.0,212.0,317.0,423.0,529.0,635.0,740.0,,,,,,,,,0.0,,,,,,,,,,,,,,,,,,0.0,0.0,0.0,0.0,0.0,96.0,84.0,76.0,56.0,51.0,192.0,167.0,152.0,112.0,101.0,288.0,251.0,227.0,168.0,152.0,384.0,334.0,303.0,223.0,202.0,480.0,418.0,379.0,279.0,253.0,576.0,502.0,455.0,335.0,303.0,672.0,585.0,531.0,391.0,354.0
187,2.0,,4.0,,0.0,0.0,,0.0,0.0,1.0,0.0,0.0,0.0,15.0,29.0,44.0,58.0,73.0,87.0,102.0,,,,,,,,,0.0,,,,,,,,,,,,,,,,,,0.0,0.0,0.0,0.0,0.0,12.0,12.0,10.0,9.0,8.0,25.0,24.0,20.0,19.0,16.0,37.0,36.0,30.0,28.0,23.0,50.0,48.0,41.0,37.0,31.0,62.0,60.0,51.0,47.0,39.0,75.0,72.0,61.0,56.0,47.0,87.0,84.0,71.0,65.0,54.0
191,2.0,,4.0,,0.0,0.0,,0.0,0.0,1.0,0.0,0.0,0.0,27.0,53.0,80.0,106.0,133.0,159.0,186.0,,,,,,,,,0.0,,,,,,,,,,,,,,,,,,0.0,0.0,0.0,0.0,0.0,24.0,22.0,20.0,18.0,16.0,48.0,45.0,40.0,36.0,32.0,71.0,67.0,60.0,54.0,48.0,95.0,89.0,80.0,72.0,64.0,119.0,112.0,100.0,90.0,79.0,143.0,134.0,120.0,108.0,95.0,167.0,156.0,139.0,126.0,111.0
195,2.0,,4.0,,0.0,0.0,,0.0,0.0,1.0,0.0,0.0,0.0,2.0,5.0,7.0,9.0,11.0,14.0,16.0,,,,,,,,,0.0,,,,,,,,,,,,,,,,,,0.0,0.0,0.0,0.0,0.0,2.0,2.0,2.0,2.0,2.0,4.0,4.0,4.0,4.0,3.0,6.0,7.0,5.0,6.0,5.0,7.0,9.0,7.0,9.0,7.0,9.0,11.0,9.0,11.0,9.0,11.0,13.0,11.0,13.0,10.0,13.0,15.0,12.0,15.0,12.0
199,2.0,,4.0,,0.0,0.0,,0.0,0.0,1.0,0.0,0.0,0.0,71.0,142.0,213.0,283.0,354.0,425.0,496.0,,,,,,,,,0.0,,,,,,,,,,,,,,,,,,0.0,0.0,0.0,0.0,0.0,41.0,54.0,31.0,37.0,22.0,83.0,108.0,63.0,74.0,43.0,124.0,162.0,94.0,111.0,65.0,166.0,216.0,126.0,149.0,87.0,207.0,270.0,157.0,186.0,108.0,249.0,324.0,189.0,223.0,130.0,290.0,378.0,220.0,260.0,152.0
203,2.0,,4.0,,0.0,0.0,,0.0,0.0,1.0,0.0,0.0,0.0,60.0,119.0,179.0,239.0,298.0,358.0,418.0,,,,,,,,,0.0,,,,,,,,,,,,,,,,,,0.0,0.0,0.0,0.0,0.0,46.0,47.0,36.0,33.0,26.0,92.0,94.0,73.0,66.0,52.0,139.0,141.0,109.0,100.0,77.0,185.0,187.0,145.0,133.0,103.0,231.0,234.0,181.0,166.0,129.0,277.0,281.0,218.0,199.0,155.0,324.0,328.0,254.0,233.0,181.0
207,2.0,,4.0,,0.0,0.0,,0.0,0.0,1.0,0.0,0.0,0.0,15.0,30.0,46.0,61.0,76.0,91.0,106.0,,,,,,,,,0.0,,,,,,,,,,,,,,,,,,0.0,0.0,0.0,0.0,0.0,14.0,12.0,11.0,8.0,7.0,28.0,24.0,22.0,16.0,15.0,41.0,36.0,33.0,24.0,22.0,55.0,48.0,44.0,32.0,29.0,69.0,60.0,54.0,40.0,36.0,83.0,72.0,65.0,48.0,44.0,97.0,84.0,76.0,56.0,51.0
137,0.0,,1.0,,4.0,0.3,,0.0,0.0,1.0,0.0,0.0,0.0,0.0,0.0,0.0,0.0,0.0,0.0,0.0,,,,,,,,,0.0,56045.24566,42570.75,12697.5,12697.5,249042.5,104294.5592,,56045.24566,22655.25,56045.24566,56045.24566,200793.1864,32613.0,152543.8728,12697.5,12697.5,52528.5,,,,,,,,,,,,,,,,,,,,,,,,,,,,,,,,,,,,,,,,
141,0.0,,1.0,,4.0,0.3,,0.0,0.0,1.0,0.0,0.0,0.0,0.0,0.0,0.0,0.0,0.0,0.0,0.0,,,,,,,,,0.0,56045.24566,42570.75,12697.5,12697.5,249042.5,104294.5592,,56045.24566,22655.25,56045.24566,56045.24566,200793.1864,32613.0,152543.8728,12697.5,12697.5,52528.5,,,,,,,,,,,,,,,,,,,,,,,,,,,,,,,,,,,,,,,,
145,0.0,,1.0,,4.0,0.3,,0.0,0.0,1.0,0.0,0.0,0.0,0.0,0.0,0.0,0.0,0.0,0.0,0.0,,,,,,,,,0.0,56045.24566,42570.75,12697.5,12697.5,249042.5,104294.5592,,56045.24566,22655.25,56045.24566,56045.24566,200793.1864,32613.0,152543.8728,12697.5,12697.5,52528.5,,,,,,,,,,,,,,,,,,,,,,,,,,,,,,,,,,,,,,,,
152,0.0,,1.0,,4.0,0.3,,0.0,0.0,1.0,0.0,0.0,0.0,0.0,0.0,0.0,0.0,0.0,0.0,0.0,,,,,,,,,0.0,56045.24566,42570.75,12697.5,12697.5,249042.5,104294.5592,,56045.24566,22655.25,56045.24566,56045.24566,200793.1864,32613.0,152543.8728,12697.5,12697.5,52528.5,,,,,,,,,,,,,,,,,,,,,,,,,,,,,,,,,,,,,,,,
156,0.0,,1.0,,4.0,0.3,,0.0,0.0,1.0,0.0,0.0,0.0,0.0,0.0,0.0,0.0,0.0,0.0,0.0,,,,,,,,,0.0,56045.24566,42570.75,12697.5,12697.5,249042.5,104294.5592,,56045.24566,22655.25,56045.24566,56045.24566,200793.1864,32613.0,152543.8728,12697.5,12697.5,52528.5,,,,,,,,,,,,,,,,,,,,,,,,,,,,,,,,,,,,,,,,
160,0.0,,1.0,,4.0,0.3,,0.0,0.0,1.0,0.0,0.0,0.0,0.0,0.0,0.0,0.0,0.0,0.0,0.0,,,,,,,,,0.0,56045.24566,42570.75,12697.5,12697.5,249042.5,104294.5592,,56045.24566,22655.25,56045.24566,56045.24566,200793.1864,32613.0,152543.8728,12697.5,12697.5,52528.5,,,,,,,,,,,,,,,,,,,,,,,,,,,,,,,,,,,,,,,,
212,1.0,,1.0,,24.0,0.2,,0.0,0.0,1.0,0.0,0.0,0.0,0.0,0.0,0.0,0.0,0.0,0.0,0.0,,,,,,,,,0.0,,,,,,,,,,,,,,,,,,,,,,,,,,,,,,,,,,,,,,,,,,,,,,,,,,,,,,,,,
216,1.0,,1.0,,24.0,0.2,,0.0,0.0,1.0,0.0,0.0,0.0,0.0,0.0,0.0,0.0,0.0,0.0,0.0,,,,,,,,,0.0,,,,,,,,,,,,,,,,,,,,,,,,,,,,,,,,,,,,,,,,,,,,,,,,,,,,,,,,,
220,1.0,,1.0,,24.0,0.2,,0.0,0.0,1.0,0.0,0.0,0.0,0.0,0.0,0.0,0.0,0.0,0.0,0.0,,,,,,,,,0.0,,,,,,,,,,,,,,,,,,,,,,,,,,,,,,,,,,,,,,,,,,,,,,,,,,,,,,,,,
224,1.0,,1.0,,24.0,0.2,,0.0,0.0,1.0,0.0,0.0,0.0,0.0,0.0,0.0,0.0,0.0,0.0,0.0,,,,,,,,,0.0,,,,,,,,,,,,,,,,,,,,,,,,,,,,,,,,,,,,,,,,,,,,,,,,,,,,,,,,,
228,1.0,,1.0,,24.0,0.2,,0.0,0.0,1.0,0.0,0.0,0.0,0.0,0.0,0.0,0.0,0.0,0.0,0.0,,,,,,,,,0.0,,,,,,,,,,,,,,,,,,,,,,,,,,,,,,,,,,,,,,,,,,,,,,,,,,,,,,,,,
232,1.0,,1.0,,24.0,0.2,,0.0,0.0,1.0,0.0,0.0,0.0,0.0,0.0,0.0,0.0,0.0,0.0,0.0,,,,,,,,,0.0,,,,,,,,,,,,,,,,,,,,,,,,,,,,,,,,,,,,,,,,,,,,,,,,,,,,,,,,,
164,1.0,,3.0,,0.0,0.0,,0.0,0.0,1.0,0.0,0.0,0.0,109.0,218.0,327.0,436.0,545.0,654.0,763.0,,,,,,,,,0.0,,,,,,,,,,,,,,,,,,0.0,0.0,0.0,0.0,0.0,87.0,82.0,66.0,55.0,44.0,174.0,165.0,132.0,110.0,88.0,261.0,247.0,198.0,166.0,131.0,348.0,330.0,264.0,221.0,175.0,435.0,412.0,329.0,276.0,219.0,522.0,495.0,395.0,331.0,263.0,610.0,577.0,461.0,386.0,306.0
168,1.0,,3.0,,0.0,0.0,,0.0,0.0,1.0,0.0,0.0,0.0,403.0,807.0,1210.0,1614.0,2017.0,2420.0,2824.0,,,,,,,,,0.0,,,,,,,,,,,,,,,,,,0.0,0.0,0.0,0.0,0.0,383.0,307.0,291.0,219.0,208.0,766.0,614.0,583.0,439.0,416.0,1149.0,921.0,874.0,658.0,623.0,1532.0,1229.0,1166.0,877.0,831.0,1915.0,1536.0,1457.0,1097.0,1039.0,2298.0,1843.0,1748.0,1316.0,1247.0,2681.0,2150.0,2040.0,1536.0,1455.0
172,1.0,,3.0,,0.0,0.0,,0.0,0.0,1.0,0.0,0.0,0.0,497.0,994.0,1491.0,1988.0,2485.0,2981.0,3478.0,,,,,,,,,0.0,,,,,,,,,,,,,,,,,,0.0,0.0,0.0,0.0,0.0,489.0,370.0,364.0,253.0,249.0,979.0,739.0,728.0,506.0,498.0,1468.0,1109.0,1092.0,759.0,747.0,1957.0,1479.0,1456.0,1012.0,996.0,2446.0,1849.0,1820.0,1264.0,1245.0,2936.0,2218.0,2184.0,1517.0,1494.0,3425.0,2588.0,2548.0,1770.0,1743.0
176,1.0,,3.0,,0.0,0.0,,0.0,0.0,1.0,0.0,0.0,0.0,155.0,311.0,466.0,622.0,777.0,933.0,1088.0,,,,,,,,,0.0,,,,,,,,,,,,,,,,,,0.0,0.0,0.0,0.0,0.0,117.0,130.0,97.0,103.0,77.0,234.0,260.0,195.0,206.0,153.0,351.0,390.0,292.0,308.0,230.0,468.0,520.0,390.0,411.0,307.0,585.0,650.0,487.0,514.0,383.0,702.0,780.0,584.0,617.0,460.0,819.0,910.0,682.0,720.0,537.0
180,1.0,,3.0,,0.0,0.0,,0.0,0.0,1.0,0.0,0.0,0.0,154.0,308.0,462.0,617.0,771.0,925.0,1079.0,,,,,,,,,0.0,,,,,,,,,,,,,,,,,,0.0,0.0,0.0,0.0,0.0,134.0,116.0,101.0,79.0,69.0,268.0,233.0,202.0,159.0,138.0,402.0,349.0,303.0,238.0,207.0,536.0,465.0,404.0,318.0,277.0,670.0,582.0,505.0,397.0,346.0,804.0,698.0,606.0,477.0,415.0,938.0,814.0,707.0,556.0,484.0
184,1.0,,3.0,,0.0,0.0,,0.0,0.0,1.0,0.0,0.0,0.0,164.0,329.0,493.0,657.0,821.0,986.0,1150.0,,,,,,,,,0.0,,,,,,,,,,,,,,,,,,0.0,0.0,0.0,0.0,0.0,145.0,126.0,111.0,90.0,79.0,290.0,252.0,222.0,179.0,158.0,435.0,377.0,332.0,269.0,237.0,580.0,503.0,443.0,359.0,316.0,725.0,629.0,554.0,448.0,396.0,870.0,755.0,665.0,538.0,475.0,1015.0,880.0,776.0,627.0,554.0
188,2.0,,4.0,,0.0,0.0,,0.0,0.0,1.0,0.0,0.0,0.0,20.0,40.0,60.0,80.0,100.0,120.0,140.0,,,,,,,,,0.0,,,,,,,,,,,,,,,,,,0.0,0.0,0.0,0.0,0.0,16.0,15.0,12.0,10.0,8.0,32.0,30.0,24.0,20.0,16.0,48.0,45.0,36.0,30.0,24.0,64.0,60.0,48.0,40.0,32.0,80.0,76.0,60.0,51.0,40.0,96.0,91.0,72.0,61.0,48.0,112.0,106.0,84.0,71.0,56.0
192,2.0,,4.0,,0.0,0.0,,0.0,0.0,1.0,0.0,0.0,0.0,64.0,128.0,193.0,257.0,321.0,385.0,450.0,,,,,,,,,0.0,,,,,,,,,,,,,,,,,,0.0,0.0,0.0,0.0,0.0,61.0,49.0,46.0,35.0,33.0,122.0,98.0,93.0,70.0,66.0,183.0,147.0,139.0,105.0,99.0,244.0,196.0,186.0,140.0,132.0,305.0,245.0,232.0,175.0,165.0,366.0,293.0,278.0,210.0,199.0,427.0,342.0,325.0,244.0,232.0
196,2.0,,4.0,,0.0,0.0,,0.0,0.0,1.0,0.0,0.0,0.0,78.0,156.0,233.0,311.0,389.0,467.0,544.0,,,,,,,,,0.0,,,,,,,,,,,,,,,,,,0.0,0.0,0.0,0.0,0.0,77.0,58.0,57.0,40.0,39.0,153.0,116.0,114.0,79.0,78.0,230.0,174.0,171.0,119.0,117.0,306.0,231.0,228.0,158.0,156.0,383.0,289.0,285.0,198.0,195.0,459.0,347.0,342.0,237.0,234.0,536.0,405.0,399.0,277.0,273.0
200,2.0,,4.0,,0.0,0.0,,0.0,0.0,1.0,0.0,0.0,0.0,27.0,54.0,80.0,107.0,134.0,161.0,188.0,,,,,,,,,0.0,,,,,,,,,,,,,,,,,,0.0,0.0,0.0,0.0,0.0,20.0,22.0,17.0,18.0,13.0,40.0,45.0,34.0,35.0,26.0,61.0,67.0,50.0,53.0,40.0,81.0,90.0,67.0,71.0,53.0,101.0,112.0,84.0,89.0,66.0,121.0,134.0,101.0,106.0,79.0,141.0,157.0,118.0,124.0,93.0
204,2.0,,4.0,,0.0,0.0,,0.0,0.0,1.0,0.0,0.0,0.0,26.0,53.0,79.0,105.0,132.0,158.0,185.0,,,,,,,,,0.0,,,,,,,,,,,,,,,,,,0.0,0.0,0.0,0.0,0.0,23.0,20.0,17.0,14.0,12.0,46.0,40.0,35.0,27.0,24.0,69.0,60.0,52.0,41.0,35.0,92.0,80.0,69.0,54.0,47.0,115.0,100.0,86.0,68.0,59.0,138.0,119.0,104.0,82.0,71.0,161.0,139.0,121.0,95.0,83.0
208,2.0,,4.0,,0.0,0.0,,0.0,0.0,1.0,0.0,0.0,0.0,26.0,52.0,77.0,103.0,129.0,155.0,180.0,,,,,,,,,0.0,,,,,,,,,,,,,,,,,,0.0,0.0,0.0,0.0,0.0,23.0,20.0,17.0,14.0,12.0,45.0,39.0,35.0,28.0,25.0,68.0,59.0,52.0,42.0,37.0,91.0,79.0,70.0,56.0,50.0,114.0,99.0,87.0,70.0,62.0,136.0,118.0,104.0,84.0,74.0,159.0,138.0,122.0,98.0,87.0
138,0.0,,1.0,,4.0,0.3,,0.0,0.0,1.0,0.0,0.0,0.0,0.0,0.0,0.0,0.0,0.0,0.0,0.0,,,,,,,,,0.0,56045.24566,42570.75,12697.5,12697.5,249042.5,104294.5592,,56045.24566,22655.25,56045.24566,56045.24566,200793.1864,32613.0,152543.8728,12697.5,12697.5,52528.5,,,,,,,,,,,,,,,,,,,,,,,,,,,,,,,,,,,,,,,,
142,0.0,,1.0,,4.0,0.3,,0.0,0.0,1.0,0.0,0.0,0.0,0.0,0.0,0.0,0.0,0.0,0.0,0.0,,,,,,,,,0.0,56045.24566,42570.75,12697.5,12697.5,249042.5,104294.5592,,56045.24566,22655.25,56045.24566,56045.24566,200793.1864,32613.0,152543.8728,12697.5,12697.5,52528.5,,,,,,,,,,,,,,,,,,,,,,,,,,,,,,,,,,,,,,,,
146,0.0,,1.0,,4.0,0.3,,0.0,0.0,1.0,0.0,0.0,0.0,0.0,0.0,0.0,0.0,0.0,0.0,0.0,,,,,,,,,0.0,56045.24566,42570.75,12697.5,12697.5,249042.5,104294.5592,,56045.24566,22655.25,56045.24566,56045.24566,200793.1864,32613.0,152543.8728,12697.5,12697.5,52528.5,,,,,,,,,,,,,,,,,,,,,,,,,,,,,,,,,,,,,,,,
153,0.0,,1.0,,4.0,0.3,,0.0,0.0,1.0,0.0,0.0,0.0,0.0,0.0,0.0,0.0,0.0,0.0,0.0,,,,,,,,,0.0,56045.24566,42570.75,12697.5,12697.5,249042.5,104294.5592,,56045.24566,22655.25,56045.24566,56045.24566,200793.1864,32613.0,152543.8728,12697.5,12697.5,52528.5,,,,,,,,,,,,,,,,,,,,,,,,,,,,,,,,,,,,,,,,
157,0.0,,1.0,,4.0,0.3,,0.0,0.0,1.0,0.0,0.0,0.0,0.0,0.0,0.0,0.0,0.0,0.0,0.0,,,,,,,,,0.0,56045.24566,42570.75,12697.5,12697.5,249042.5,104294.5592,,56045.24566,22655.25,56045.24566,56045.24566,200793.1864,32613.0,152543.8728,12697.5,12697.5,52528.5,,,,,,,,,,,,,,,,,,,,,,,,,,,,,,,,,,,,,,,,
161,0.0,,1.0,,4.0,0.3,,0.0,0.0,1.0,0.0,0.0,0.0,0.0,0.0,0.0,0.0,0.0,0.0,0.0,,,,,,,,,0.0,56045.24566,42570.75,12697.5,12697.5,249042.5,104294.5592,,56045.24566,22655.25,56045.24566,56045.24566,200793.1864,32613.0,152543.8728,12697.5,12697.5,52528.5,,,,,,,,,,,,,,,,,,,,,,,,,,,,,,,,,,,,,,,,
213,1.0,,1.0,,24.0,0.2,,0.0,0.0,1.0,0.0,0.0,0.0,0.0,0.0,0.0,0.0,0.0,0.0,0.0,,,,,,,,,0.0,,,,,,,,,,,,,,,,,,,,,,,,,,,,,,,,,,,,,,,,,,,,,,,,,,,,,,,,,
217,1.0,,1.0,,24.0,0.2,,0.0,0.0,1.0,0.0,0.0,0.0,0.0,0.0,0.0,0.0,0.0,0.0,0.0,,,,,,,,,0.0,,,,,,,,,,,,,,,,,,,,,,,,,,,,,,,,,,,,,,,,,,,,,,,,,,,,,,,,,
221,1.0,,1.0,,24.0,0.2,,0.0,0.0,1.0,0.0,0.0,0.0,0.0,0.0,0.0,0.0,0.0,0.0,0.0,,,,,,,,,0.0,,,,,,,,,,,,,,,,,,,,,,,,,,,,,,,,,,,,,,,,,,,,,,,,,,,,,,,,,
225,1.0,,1.0,,24.0,0.2,,0.0,0.0,1.0,0.0,0.0,0.0,0.0,0.0,0.0,0.0,0.0,0.0,0.0,,,,,,,,,0.0,,,,,,,,,,,,,,,,,,,,,,,,,,,,,,,,,,,,,,,,,,,,,,,,,,,,,,,,,
229,1.0,,1.0,,24.0,0.2,,0.0,0.0,1.0,0.0,0.0,0.0,0.0,0.0,0.0,0.0,0.0,0.0,0.0,,,,,,,,,0.0,,,,,,,,,,,,,,,,,,,,,,,,,,,,,,,,,,,,,,,,,,,,,,,,,,,,,,,,,
233,1.0,,1.0,,24.0,0.2,,0.0,0.0,1.0,0.0,0.0,0.0,0.0,0.0,0.0,0.0,0.0,0.0,0.0,,,,,,,,,0.0,,,,,,,,,,,,,,,,,,,,,,,,,,,,,,,,,,,,,,,,,,,,,,,,,,,,,,,,,
165,1.0,,3.0,,0.0,0.0,,0.0,0.0,1.0,0.0,0.0,0.0,214.0,428.0,642.0,856.0,1069.0,1283.0,1497.0,,,,,,,,,0.0,,,,,,,,,,,,,,,,,,0.0,0.0,0.0,0.0,0.0,188.0,162.0,142.0,111.0,97.0,376.0,323.0,285.0,222.0,194.0,564.0,485.0,427.0,333.0,291.0,753.0,647.0,569.0,443.0,388.0,941.0,808.0,711.0,554.0,485.0,1129.0,970.0,854.0,665.0,582.0,1317.0,1132.0,996.0,776.0,679.0
169,1.0,,3.0,,0.0,0.0,,0.0,0.0,1.0,0.0,0.0,0.0,18.0,36.0,54.0,72.0,90.0,108.0,126.0,,,,,,,,,0.0,,,,,,,,,,,,,,,,,,0.0,0.0,0.0,0.0,0.0,17.0,14.0,13.0,9.0,8.0,34.0,28.0,27.0,17.0,16.0,51.0,43.0,40.0,26.0,24.0,68.0,57.0,54.0,34.0,32.0,86.0,71.0,67.0,43.0,40.0,103.0,85.0,81.0,51.0,48.0,120.0,99.0,94.0,60.0,56.0
173,1.0,,3.0,,0.0,0.0,,0.0,0.0,1.0,0.0,0.0,0.0,61.0,123.0,184.0,245.0,307.0,368.0,429.0,,,,,,,,,0.0,,,,,,,,,,,,,,,,,,0.0,0.0,0.0,0.0,0.0,58.0,49.0,46.0,37.0,35.0,116.0,98.0,92.0,74.0,70.0,174.0,147.0,139.0,112.0,105.0,232.0,196.0,185.0,149.0,140.0,289.0,245.0,231.0,186.0,175.0,347.0,295.0,277.0,223.0,210.0,405.0,344.0,324.0,261.0,245.0
177,1.0,,3.0,,0.0,0.0,,0.0,0.0,1.0,0.0,0.0,0.0,101.0,202.0,303.0,404.0,505.0,606.0,707.0,,,,,,,,,0.0,,,,,,,,,,,,,,,,,,0.0,0.0,0.0,0.0,0.0,54.0,77.0,40.0,53.0,28.0,107.0,153.0,80.0,106.0,55.0,161.0,230.0,120.0,160.0,83.0,214.0,307.0,160.0,213.0,110.0,268.0,383.0,201.0,266.0,138.0,321.0,460.0,241.0,319.0,166.0,375.0,537.0,281.0,373.0,193.0
181,1.0,,3.0,,0.0,0.0,,0.0,0.0,1.0,0.0,0.0,0.0,212.0,424.0,636.0,848.0,1060.0,1272.0,1484.0,,,,,,,,,0.0,,,,,,,,,,,,,,,,,,0.0,0.0,0.0,0.0,0.0,189.0,176.0,157.0,140.0,125.0,379.0,351.0,313.0,280.0,250.0,568.0,527.0,470.0,421.0,375.0,757.0,703.0,627.0,561.0,499.0,946.0,879.0,783.0,701.0,624.0,1136.0,1054.0,940.0,841.0,749.0,1325.0,1230.0,1097.0,982.0,874.0
185,1.0,,3.0,,0.0,0.0,,0.0,0.0,1.0,0.0,0.0,0.0,36.0,71.0,107.0,142.0,178.0,213.0,249.0,,,,,,,,,0.0,,,,,,,,,,,,,,,,,,0.0,0.0,0.0,0.0,0.0,33.0,29.0,27.0,24.0,22.0,66.0,59.0,55.0,47.0,44.0,100.0,88.0,82.0,71.0,66.0,133.0,118.0,110.0,94.0,88.0,166.0,147.0,137.0,118.0,110.0,199.0,177.0,164.0,142.0,132.0,232.0,206.0,192.0,165.0,154.0
189,2.0,,4.0,,0.0,0.0,,0.0,0.0,1.0,0.0,0.0,0.0,36.0,71.0,107.0,142.0,178.0,213.0,249.0,,,,,,,,,0.0,,,,,,,,,,,,,,,,,,0.0,0.0,0.0,0.0,0.0,31.0,27.0,24.0,18.0,16.0,63.0,54.0,47.0,37.0,32.0,94.0,81.0,71.0,55.0,48.0,125.0,107.0,95.0,74.0,64.0,156.0,134.0,118.0,92.0,81.0,188.0,161.0,142.0,111.0,97.0,219.0,188.0,166.0,129.0,113.0
193,2.0,,4.0,,0.0,0.0,,0.0,0.0,1.0,0.0,0.0,0.0,4.0,8.0,13.0,17.0,21.0,25.0,29.0,,,,,,,,,0.0,,,,,,,,,,,,,,,,,,0.0,0.0,0.0,0.0,0.0,4.0,3.0,3.0,2.0,2.0,8.0,7.0,6.0,4.0,4.0,12.0,10.0,9.0,6.0,6.0,16.0,13.0,12.0,8.0,7.0,20.0,16.0,16.0,10.0,9.0,24.0,20.0,19.0,12.0,11.0,28.0,23.0,22.0,14.0,13.0
278,3.0,,1.0,,6.0,0.0,,0.0,0.0,1.0,0.0,0.0,4.0,4.0,4.0,4.0,4.0,4.0,4.0,4.0,,,,,,,,,,,,,,,,,,,,,,,,,,,,,,,,,,,,,,,,,,,,,,,,,,,,,,,,,,,,,,,,,,
279,3.0,,1.0,,6.0,0.0,,0.0,0.0,1.0,0.0,0.0,12.0,12.0,12.0,12.0,12.0,12.0,12.0,12.0,,,,,,,,,,,,,,,,,,,,,,,,,,,,,,,,,,,,,,,,,,,,,,,,,,,,,,,,,,,,,,,,,,
197,2.0,,4.0,,0.0,0.0,,0.0,0.0,1.0,0.0,0.0,0.0,10.0,19.0,29.0,39.0,48.0,58.0,68.0,,,,,,,,,0.0,,,,,,,,,,,,,,,,,,0.0,0.0,0.0,0.0,0.0,9.0,8.0,7.0,6.0,6.0,18.0,16.0,15.0,12.0,11.0,27.0,23.0,22.0,18.0,17.0,37.0,31.0,29.0,24.0,22.0,46.0,39.0,37.0,29.0,28.0,55.0,47.0,44.0,35.0,33.0,64.0,54.0,51.0,41.0,39.0
201,2.0,,4.0,,0.0,0.0,,0.0,0.0,1.0,0.0,0.0,0.0,21.0,42.0,62.0,83.0,104.0,125.0,146.0,,,,,,,,,0.0,,,,,,,,,,,,,,,,,,0.0,0.0,0.0,0.0,0.0,11.0,16.0,8.0,11.0,6.0,22.0,32.0,17.0,22.0,11.0,33.0,47.0,25.0,33.0,17.0,44.0,63.0,33.0,44.0,23.0,55.0,79.0,41.0,55.0,28.0,66.0,95.0,50.0,66.0,34.0,77.0,111.0,58.0,77.0,40.0
205,2.0,,4.0,,0.0,0.0,,0.0,0.0,1.0,0.0,0.0,0.0,35.0,69.0,104.0,138.0,173.0,207.0,242.0,,,,,,,,,0.0,,,,,,,,,,,,,,,,,,0.0,0.0,0.0,0.0,0.0,31.0,29.0,26.0,23.0,20.0,62.0,57.0,51.0,46.0,41.0,92.0,86.0,77.0,68.0,61.0,123.0,114.0,102.0,91.0,81.0,154.0,143.0,128.0,114.0,102.0,185.0,172.0,153.0,137.0,122.0,216.0,200.0,179.0,160.0,142.0
209,2.0,,4.0,,0.0,0.0,,0.0,0.0,1.0,0.0,0.0,0.0,6.0,11.0,17.0,22.0,28.0,34.0,39.0,,,,,,,,,0.0,,,,,,,,,,,,,,,,,,0.0,0.0,0.0,0.0,0.0,5.0,5.0,4.0,4.0,3.0,10.0,9.0,9.0,7.0,7.0,16.0,14.0,13.0,11.0,10.0,21.0,19.0,17.0,15.0,14.0,26.0,23.0,22.0,19.0,17.0,31.0,28.0,26.0,22.0,21.0,37.0,33.0,30.0,26.0,24.0
246,3.0,,1.0,,0.0,0.0,,0.0,0.0,1.0,0.0,0.0,105.0,105.0,105.0,105.0,105.0,105.0,105.0,105.0,,,,,,,,,,,,,,,,,,,,,,,,,,,,,,,,,,,,,,,,,,,,,,,,,,,,,,,,,,,,,,,,,,
247,3.0,,1.0,,0.0,0.0,,0.0,0.0,1.0,0.0,0.0,92.0,92.0,92.0,92.0,92.0,92.0,92.0,92.0,,,,,,,,,,,,,,,,,,,,,,,,,,,,,,,,,,,,,,,,,,,,,,,,,,,,,,,,,,,,,,,,,,
248,3.0,,1.0,,0.0,0.0,,0.0,0.0,1.0,0.0,0.0,49.0,49.0,49.0,49.0,49.0,49.0,49.0,49.0,,,,,,,,,,,,,,,,,,,,,,,,,,,,,,,,,,,,,,,,,,,,,,,,,,,,,,,,,,,,,,,,,,
249,3.0,,1.0,,0.0,0.0,,0.0,0.0,1.0,0.0,0.0,21.0,21.0,21.0,21.0,21.0,21.0,21.0,21.0,,,,,,,,,,,,,,,,,,,,,,,,,,,,,,,,,,,,,,,,,,,,,,,,,,,,,,,,,,,,,,,,,,
250,3.0,,1.0,,0.0,0.0,,0.0,0.0,1.0,0.0,0.0,127.0,127.0,127.0,127.0,127.0,127.0,127.0,127.0,,,,,,,,,,,,,,,,,,,,,,,,,,,,,,,,,,,,,,,,,,,,,,,,,,,,,,,,,,,,,,,,,,
251,3.0,,1.0,,0.0,0.0,,0.0,0.0,1.0,0.0,0.0,69.0,69.0,69.0,69.0,69.0,69.0,69.0,69.0,,,,,,,,,,,,,,,,,,,,,,,,,,,,,,,,,,,,,,,,,,,,,,,,,,,,,,,,,,,,,,,,,,
252,3.0,,1.0,,0.0,0.0,,0.0,0.0,1.0,0.0,0.0,28.0,28.0,28.0,28.0,28.0,28.0,28.0,28.0,,,,,,,,,,,,,,,,,,,,,,,,,,,,,,,,,,,,,,,,,,,,,,,,,,,,,,,,,,,,,,,,,,
253,3.0,,1.0,,0.0,0.0,,0.0,0.0,1.0,0.0,0.0,51.0,51.0,51.0,51.0,51.0,51.0,51.0,51.0,,,,,,,,,,,,,,,,,,,,,,,,,,,,,,,,,,,,,,,,,,,,,,,,,,,,,,,,,,,,,,,,,,
254,3.0,,1.0,,0.0,0.0,,0.0,0.0,1.0,0.0,0.0,4.0,4.0,4.0,4.0,4.0,4.0,4.0,4.0,,,,,,,,,,,,,,,,,,,,,,,,,,,,,,,,,,,,,,,,,,,,,,,,,,,,,,,,,,,,,,,,,,
255,3.0,,1.0,,0.0,0.0,,0.0,0.0,1.0,0.0,0.0,12.0,12.0,12.0,12.0,12.0,12.0,12.0,12.0,,,,,,,,,,,,,,,,,,,,,,,,,,,,,,,,,,,,,,,,,,,,,,,,,,,,,,,,,,,,,,,,,,
256,3.0,,1.0,,0.0,0.0,,0.0,0.0,1.0,0.0,0.0,26.0,26.0,26.0,26.0,26.0,26.0,26.0,26.0,,,,,,,,,,,,,,,,,,,,,,,,,,,,,,,,,,,,,,,,,,,,,,,,,,,,,,,,,,,,,,,,,,
257,3.0,,1.0,,0.0,0.0,,0.0,0.0,1.0,0.0,0.0,5.0,5.0,5.0,5.0,5.0,5.0,5.0,5.0,,,,,,,,,,,,,,,,,,,,,,,,,,,,,,,,,,,,,,,,,,,,,,,,,,,,,,,,,,,,,,,,,,
234,3.0,,1.0,,0.0,0.0,,0.0,0.0,1.0,0.0,0.0,10.0,10.0,10.0,10.0,10.0,10.0,10.0,10.0,,,,,,,,,,,,,,,,,,,,,,,,,,,,,,,,,,,,,,,,,,,,,,,,,,,,,,,,,,,,,,,,,,
235,3.0,,1.0,,0.0,0.0,,0.0,0.0,1.0,0.0,0.0,33.0,33.0,33.0,33.0,33.0,33.0,33.0,33.0,,,,,,,,,,,,,,,,,,,,,,,,,,,,,,,,,,,,,,,,,,,,,,,,,,,,,,,,,,,,,,,,,,
236,3.0,,1.0,,0.0,0.0,,0.0,0.0,1.0,0.0,0.0,33.0,33.0,33.0,33.0,33.0,33.0,33.0,33.0,,,,,,,,,,,,,,,,,,,,,,,,,,,,,,,,,,,,,,,,,,,,,,,,,,,,,,,,,,,,,,,,,,
237,3.0,,1.0,,0.0,0.0,,0.0,0.0,1.0,0.0,0.0,50.0,50.0,50.0,50.0,50.0,50.0,50.0,50.0,,,,,,,,,,,,,,,,,,,,,,,,,,,,,,,,,,,,,,,,,,,,,,,,,,,,,,,,,,,,,,,,,,
238,3.0,,1.0,,0.0,0.0,,0.0,0.0,1.0,0.0,0.0,165.0,165.0,165.0,165.0,165.0,165.0,165.0,165.0,,,,,,,,,,,,,,,,,,,,,,,,,,,,,,,,,,,,,,,,,,,,,,,,,,,,,,,,,,,,,,,,,,
239,3.0,,1.0,,0.0,0.0,,0.0,0.0,1.0,0.0,0.0,47.0,47.0,47.0,47.0,47.0,47.0,47.0,47.0,,,,,,,,,,,,,,,,,,,,,,,,,,,,,,,,,,,,,,,,,,,,,,,,,,,,,,,,,,,,,,,,,,
240,3.0,,1.0,,0.0,0.0,,0.0,0.0,1.0,0.0,0.0,92.0,92.0,92.0,92.0,92.0,92.0,92.0,92.0,,,,,,,,,,,,,,,,,,,,,,,,,,,,,,,,,,,,,,,,,,,,,,,,,,,,,,,,,,,,,,,,,,
241,3.0,,1.0,,0.0,0.0,,0.0,0.0,1.0,0.0,0.0,5.0,5.0,5.0,5.0,5.0,5.0,5.0,5.0,,,,,,,,,,,,,,,,,,,,,,,,,,,,,,,,,,,,,,,,,,,,,,,,,,,,,,,,,,,,,,,,,,
242,3.0,,1.0,,0.0,0.0,,0.0,0.0,1.0,0.0,0.0,50.0,50.0,50.0,50.0,50.0,50.0,50.0,50.0,,,,,,,,,,,,,,,,,,,,,,,,,,,,,,,,,,,,,,,,,,,,,,,,,,,,,,,,,,,,,,,,,,
243,3.0,,1.0,,0.0,0.0,,0.0,0.0,1.0,0.0,0.0,1.0,1.0,1.0,1.0,1.0,1.0,1.0,1.0,,,,,,,,,,,,,,,,,,,,,,,,,,,,,,,,,,,,,,,,,,,,,,,,,,,,,,,,,,,,,,,,,,
244,3.0,,1.0,,0.0,0.0,,0.0,0.0,1.0,0.0,0.0,107.0,107.0,107.0,107.0,107.0,107.0,107.0,107.0,,,,,,,,,,,,,,,,,,,,,,,,,,,,,,,,,,,,,,,,,,,,,,,,,,,,,,,,,,,,,,,,,,
245,3.0,,1.0,,0.0,0.0,,0.0,0.0,1.0,0.0,0.0,11.0,11.0,11.0,11.0,11.0,11.0,11.0,11.0,,,,,,,,,,,,,,,,,,,,,,,,,,,,,,,,,,,,,,,,,,,,,,,,,,,,,,,,,,,,,,,,,,
270,3.0,,1.0,,6.0,0.0,,0.0,0.0,1.0,0.0,0.0,105.0,105.0,105.0,105.0,105.0,105.0,105.0,105.0,,,,,,,,,,,,,,,,,,,,,,,,,,,,,,,,,,,,,,,,,,,,,,,,,,,,,,,,,,,,,,,,,,
271,3.0,,1.0,,6.0,0.0,,0.0,0.0,1.0,0.0,0.0,92.0,92.0,92.0,92.0,92.0,92.0,92.0,92.0,,,,,,,,,,,,,,,,,,,,,,,,,,,,,,,,,,,,,,,,,,,,,,,,,,,,,,,,,,,,,,,,,,
272,3.0,,1.0,,6.0,0.0,,0.0,0.0,1.0,0.0,0.0,49.0,49.0,49.0,49.0,49.0,49.0,49.0,49.0,,,,,,,,,,,,,,,,,,,,,,,,,,,,,,,,,,,,,,,,,,,,,,,,,,,,,,,,,,,,,,,,,,
273,3.0,,1.0,,6.0,0.0,,0.0,0.0,1.0,0.0,0.0,21.0,21.0,21.0,21.0,21.0,21.0,21.0,21.0,,,,,,,,,,,,,,,,,,,,,,,,,,,,,,,,,,,,,,,,,,,,,,,,,,,,,,,,,,,,,,,,,,
274,3.0,,1.0,,6.0,0.0,,0.0,0.0,1.0,0.0,0.0,127.0,127.0,127.0,127.0,127.0,127.0,127.0,127.0,,,,,,,,,,,,,,,,,,,,,,,,,,,,,,,,,,,,,,,,,,,,,,,,,,,,,,,,,,,,,,,,,,
275,3.0,,1.0,,6.0,0.0,,0.0,0.0,1.0,0.0,0.0,69.0,69.0,69.0,69.0,69.0,69.0,69.0,69.0,,,,,,,,,,,,,,,,,,,,,,,,,,,,,,,,,,,,,,,,,,,,,,,,,,,,,,,,,,,,,,,,,,
276,3.0,,1.0,,6.0,0.0,,0.0,0.0,1.0,0.0,0.0,28.0,28.0,28.0,28.0,28.0,28.0,28.0,28.0,,,,,,,,,,,,,,,,,,,,,,,,,,,,,,,,,,,,,,,,,,,,,,,,,,,,,,,,,,,,,,,,,,
277,3.0,,1.0,,6.0,0.0,,0.0,0.0,1.0,0.0,0.0,51.0,51.0,51.0,51.0,51.0,51.0,51.0,51.0,,,,,,,,,,,,,,,,,,,,,,,,,,,,,,,,,,,,,,,,,,,,,,,,,,,,,,,,,,,,,,,,,,
280,3.0,,1.0,,6.0,0.0,,0.0,0.0,1.0,0.0,0.0,26.0,26.0,26.0,26.0,26.0,26.0,26.0,26.0,,,,,,,,,,,,,,,,,,,,,,,,,,,,,,,,,,,,,,,,,,,,,,,,,,,,,,,,,,,,,,,,,,
281,3.0,,1.0,,6.0,0.0,,0.0,0.0,1.0,0.0,0.0,5.0,5.0,5.0,5.0,5.0,5.0,5.0,5.0,,,,,,,,,,,,,,,,,,,,,,,,,,,,,,,,,,,,,,,,,,,,,,,,,,,,,,,,,,,,,,,,,,
258,3.0,,1.0,,6.0,0.0,,0.0,0.0,1.0,0.0,0.0,10.0,10.0,10.0,10.0,10.0,10.0,10.0,10.0,,,,,,,,,,,,,,,,,,,,,,,,,,,,,,,,,,,,,,,,,,,,,,,,,,,,,,,,,,,,,,,,,,
259,3.0,,1.0,,6.0,0.0,,0.0,0.0,1.0,0.0,0.0,33.0,33.0,33.0,33.0,33.0,33.0,33.0,33.0,,,,,,,,,,,,,,,,,,,,,,,,,,,,,,,,,,,,,,,,,,,,,,,,,,,,,,,,,,,,,,,,,,
260,3.0,,1.0,,6.0,0.0,,0.0,0.0,1.0,0.0,0.0,33.0,33.0,33.0,33.0,33.0,33.0,33.0,33.0,,,,,,,,,,,,,,,,,,,,,,,,,,,,,,,,,,,,,,,,,,,,,,,,,,,,,,,,,,,,,,,,,,
261,3.0,,1.0,,6.0,0.0,,0.0,0.0,1.0,0.0,0.0,50.0,50.0,50.0,50.0,50.0,50.0,50.0,50.0,,,,,,,,,,,,,,,,,,,,,,,,,,,,,,,,,,,,,,,,,,,,,,,,,,,,,,,,,,,,,,,,,,
262,3.0,,1.0,,6.0,0.0,,0.0,0.0,1.0,0.0,0.0,165.0,165.0,165.0,165.0,165.0,165.0,165.0,165.0,,,,,,,,,,,,,,,,,,,,,,,,,,,,,,,,,,,,,,,,,,,,,,,,,,,,,,,,,,,,,,,,,,
263,3.0,,1.0,,6.0,0.0,,0.0,0.0,1.0,0.0,0.0,47.0,47.0,47.0,47.0,47.0,47.0,47.0,47.0,,,,,,,,,,,,,,,,,,,,,,,,,,,,,,,,,,,,,,,,,,,,,,,,,,,,,,,,,,,,,,,,,,
264,3.0,,1.0,,6.0,0.0,,0.0,0.0,1.0,0.0,0.0,92.0,92.0,92.0,92.0,92.0,92.0,92.0,92.0,,,,,,,,,,,,,,,,,,,,,,,,,,,,,,,,,,,,,,,,,,,,,,,,,,,,,,,,,,,,,,,,,,
265,3.0,,1.0,,6.0,0.0,,0.0,0.0,1.0,0.0,0.0,5.0,5.0,5.0,5.0,5.0,5.0,5.0,5.0,,,,,,,,,,,,,,,,,,,,,,,,,,,,,,,,,,,,,,,,,,,,,,,,,,,,,,,,,,,,,,,,,,
266,3.0,,1.0,,6.0,0.0,,0.0,0.0,1.0,0.0,0.0,50.0,50.0,50.0,50.0,50.0,50.0,50.0,50.0,,,,,,,,,,,,,,,,,,,,,,,,,,,,,,,,,,,,,,,,,,,,,,,,,,,,,,,,,,,,,,,,,,
267,3.0,,1.0,,6.0,0.0,,0.0,0.0,1.0,0.0,0.0,1.0,1.0,1.0,1.0,1.0,1.0,1.0,1.0,,,,,,,,,,,,,,,,,,,,,,,,,,,,,,,,,,,,,,,,,,,,,,,,,,,,,,,,,,,,,,,,,,
268,3.0,,1.0,,6.0,0.0,,0.0,0.0,1.0,0.0,0.0,107.0,107.0,107.0,107.0,107.0,107.0,107.0,107.0,,,,,,,,,,,,,,,,,,,,,,,,,,,,,,,,,,,,,,,,,,,,,,,,,,,,,,,,,,,,,,,,,,
269,3.0,,1.0,,6.0,0.0,,0.0,0.0,1.0,0.0,0.0,11.0,11.0,11.0,11.0,11.0,11.0,11.0,11.0,,,,,,,,,,,,,,,,,,,,,,,,,,,,,,,,,,,,,,,,,,,,,,,,,,,,,,,,,,,,,,,,,,
282,4.0,,2.0,,,,,,,1.0,,,0.0,34.31,68.63,102.94,137.26,171.57,205.88,240.2,,,,,,,,,,,,,,,,,,,,,,,,,,,0.0,0.0,0.0,0.0,0.0,27.01,25.66,20.1,17.26,13.49,54.02,51.31,40.21,34.52,26.97,81.03,76.97,60.31,51.77,40.46,108.04,102.63,80.42,69.03,53.95,135.04,128.28,100.52,86.29,67.44,162.05,153.94,120.63,103.55,80.92,189.06,179.6,140.73,120.8,94.41
283,4.0,,2.0,,,,,,,1.0,,,0.0,86.93,174.86,261.79,349.72,436.65,524.58,611.5,,,,,,,,,,,,,,,,,,,,,,,,,,,0.0,0.0,0.0,0.0,0.0,74.65,72.0,60.81,56.24,46.85,149.3,143.99,121.63,112.48,93.7,223.95,215.99,182.44,168.71,140.56,298.6,287.99,243.26,224.95,187.41,373.25,359.98,304.07,281.19,234.26,447.9,431.98,364.89,337.43,281.11,522.55,503.97,425.7,393.67,327.97
284,4.0,,2.0,,,,,,,1.0,,,0.0,109.82,219.64,329.46,439.28,549.1,658.92,768.73,,,,,,,,,,,,,,,,,,,,,,,,,,,0.0,0.0,0.0,0.0,0.0,87.64,83.31,66.45,55.99,44.32,175.28,166.62,132.9,111.98,88.64,262.92,249.93,199.35,167.96,132.96,350.56,333.24,265.8,223.95,177.28,438.2,416.55,332.25,279.94,221.6,525.84,499.86,398.7,335.93,265.92,613.48,583.17,465.16,391.92,310.24
285,4.0,,2.0,,,,,,,1.0,,,0.0,215.69,431.37,647.06,862.75,1077.44,1293.12,1508.81,,,,,,,,,,,,,,,,,,,,,,,,,,,0.0,0.0,0.0,0.0,0.0,189.44,163.36,143.6,112.55,98.24,378.89,326.72,287.2,225.11,196.48,568.33,490.08,430.8,337.66,294.71,757.78,653.44,574.4,450.21,392.95,947.22,816.8,718.0,562.77,491.19,1136.66,980.16,861.59,675.32,589.43,1326.11,1143.52,1005.19,787.87,687.66
286,4.0,,2.0,,,,,,,1.0,,,0.0,656.58,1313.17,1970.75,2627.33,3283.92,3940.5,4597.09,,,,,,,,,,,,,,,,,,,,,,,,,,,0.0,0.0,0.0,0.0,0.0,628.07,501.34,479.35,334.97,319.67,1256.14,1002.69,958.7,669.94,639.34,1884.22,1504.03,1438.05,1004.92,959.02,2512.29,2005.38,1917.39,1339.89,1278.69,3140.36,2506.72,2396.74,1674.86,1598.36,3768.43,3008.07,2876.09,2009.83,1918.03,4396.51,3509.41,3355.44,2344.8,2237.71
287,4.0,,2.0,,,,,,,1.0,,,0.0,167.0,333.0,500.0,667.0,833.01,1000.01,1166.01,,,,,,,,,,,,,,,,,,,,,,,,,,,0.0,0.0,0.0,0.0,0.0,149.46,140.45,125.2,113.6,100.3,298.91,280.91,250.4,227.2,200.6,448.37,421.36,375.61,340.8,300.9,597.83,561.82,500.81,454.4,401.19,747.28,702.27,626.01,568.0,501.49,896.74,842.73,751.21,681.6,601.79,1046.2,983.18,876.42,795.2,702.09
288,4.0,,2.0,,,,,,,1.0,,,0.0,406.49,813.98,1220.48,1627.97,2034.46,2440.95,2848.45,,,,,,,,,,,,,,,,,,,,,,,,,,,0.0,0.0,0.0,0.0,0.0,385.94,310.64,294.37,222.86,210.78,771.89,621.27,588.74,445.72,421.57,1157.83,931.91,883.11,668.58,632.35,1543.78,1242.54,1177.48,891.44,843.13,1929.72,1553.18,1471.85,1114.3,1053.92,2315.67,1863.81,1766.22,1337.15,1264.7,2701.61,2174.45,2060.59,1560.01,1475.49
289,4.0,,2.0,,,,,,,1.0,,,0.0,18.19,36.37,54.56,72.74,90.93,109.11,127.3,,,,,,,,,,,,,,,,,,,,,,,,,,,0.0,0.0,0.0,0.0,0.0,17.25,14.37,13.61,8.71,8.11,34.51,28.75,27.21,17.42,16.23,51.76,43.12,40.82,26.14,24.34,69.01,57.49,54.43,34.85,32.46,86.26,71.86,68.03,43.56,40.57,103.52,86.24,81.64,52.27,48.69,120.77,100.61,95.25,60.99,56.8
290,4.0,,2.0,,,,,,,1.0,,,0.0,393.09,786.18,1178.26,1571.35,1964.44,2357.53,2749.62,,,,,,,,,,,,,,,,,,,,,,,,,,,0.0,0.0,0.0,0.0,0.0,388.23,300.93,297.3,208.38,205.6,776.45,601.85,594.6,416.76,411.2,1164.68,902.78,891.9,625.13,616.8,1552.91,1203.7,1189.21,833.51,822.39,1941.14,1504.63,1486.51,1041.89,1027.99,2329.36,1805.56,1783.81,1250.27,1233.59,2717.59,2106.48,2081.11,1458.65,1439.19
291,4.0,,2.0,,,,,,,1.0,,,0.0,15.25,29.5,44.74,59.99,74.24,89.49,104.73,,,,,,,,,,,,,,,,,,,,,,,,,,,0.0,0.0,0.0,0.0,0.0,12.19,14.36,11.65,14.18,11.47,24.38,28.73,23.3,28.35,22.94,36.56,43.09,34.95,42.53,34.41,48.75,57.46,46.6,56.7,45.89,60.94,71.82,58.25,70.88,57.36,73.13,86.19,69.9,85.05,68.83,85.32,100.55,81.55,99.23,80.3
292,4.0,,2.0,,,,,,,1.0,,,0.0,500.63,1001.27,1501.9,2002.54,2503.17,3002.8,3503.44,,,,,,,,,,,,,,,,,,,,,,,,,,,0.0,0.0,0.0,0.0,0.0,492.31,373.38,367.03,256.53,252.09,984.62,746.75,734.05,513.06,504.18,1476.94,1120.13,1101.08,769.59,756.27,1969.25,1493.51,1468.1,1026.12,1008.37,2461.56,1866.89,1835.13,1282.66,1260.46,2953.87,2240.26,2202.15,1539.19,1512.55,3446.19,2613.64,2569.18,1795.72,1764.64
293,4.0,,2.0,,,,,,,1.0,,,0.0,61.74,124.48,186.22,247.96,310.7,372.44,434.18,,,,,,,,,,,,,,,,,,,,,,,,,,,0.0,0.0,0.0,0.0,0.0,58.54,49.84,46.89,37.97,35.7,117.07,99.67,93.77,75.93,71.39,175.61,149.51,140.66,113.9,107.09,234.14,199.35,187.54,151.86,142.79,292.68,249.18,234.43,189.83,178.48,351.21,299.02,281.32,227.79,214.18,409.75,348.86,328.2,265.76,249.88
294,4.0,,2.0,,,,,,,1.0,,,0.0,471.83,943.66,1415.49,1888.31,2360.14,2831.97,3303.8,,,,,,,,,,,,,,,,,,,,,,,,,,,0.0,0.0,0.0,0.0,0.0,307.58,366.15,238.52,258.55,168.04,615.16,732.3,477.05,517.1,336.08,922.74,1098.46,715.57,775.65,504.12,1230.32,1464.61,954.1,1034.2,672.16,1537.9,1830.76,1192.62,1292.75,840.2,1845.48,2196.91,1431.14,1551.3,1008.24,2153.06,2563.06,1669.67,1809.85,1176.28
295,4.0,,2.0,,,,,,,1.0,,,0.0,405.15,810.29,1214.44,1619.59,2024.74,2429.88,2835.03,,,,,,,,,,,,,,,,,,,,,,,,,,,0.0,0.0,0.0,0.0,0.0,236.47,308.95,179.62,213.21,123.69,472.93,617.9,359.23,426.42,247.37,709.4,926.86,538.85,639.63,371.06,945.87,1235.81,718.46,852.83,494.74,1182.33,1544.76,898.08,1066.04,618.43,1418.8,1853.71,1077.69,1279.25,742.11,1655.27,2162.66,1257.31,1492.46,865.8
296,4.0,,2.0,,,,,,,1.0,,,0.0,156.61,314.22,470.83,628.44,785.05,942.66,1099.28,,,,,,,,,,,,,,,,,,,,,,,,,,,0.0,0.0,0.0,0.0,0.0,117.48,131.59,97.9,104.4,77.2,234.95,263.17,195.8,208.81,154.4,352.43,394.76,293.7,313.21,231.6,469.9,526.35,391.6,417.61,308.8,587.38,657.93,489.5,522.01,386.01,704.85,789.52,587.39,626.42,463.21,822.33,921.11,685.29,730.82,540.41
297,4.0,,2.0,,,,,,,1.0,,,0.0,101.67,203.33,305.0,406.66,508.33,609.99,711.66,,,,,,,,,,,,,,,,,,,,,,,,,,,0.0,0.0,0.0,0.0,0.0,53.76,77.31,40.29,53.88,27.79,107.52,154.63,80.57,107.76,55.57,161.28,231.94,120.86,161.65,83.36,215.03,309.25,161.15,215.53,111.15,268.79,386.57,201.43,269.41,138.93,322.55,463.88,241.72,323.29,166.72,376.31,541.19,282.01,377.18,194.51
298,4.0,,2.0,,,,,,,1.0,,,0.0,676.89,1353.79,2029.68,2706.57,3383.47,4060.36,4736.25,,,,,,,,,,,,,,,,,,,,,,,,,,,0.0,0.0,0.0,0.0,0.0,543.8,524.24,420.88,364.38,291.18,1087.6,1048.48,841.76,728.75,582.37,1631.4,1572.72,1262.64,1093.13,873.55,2175.2,2096.96,1683.53,1457.51,1164.74,2719.0,2621.2,2104.41,1821.88,1455.92,3262.8,3145.44,2525.29,2186.26,1747.11,3806.6,3669.68,2946.17,2550.64,2038.29
299,4.0,,2.0,,,,,,,1.0,,,0.0,378.0,756.99,1134.99,1512.98,1890.98,2269.98,2647.97,,,,,,,,,,,,,,,,,,,,,,,,,,,0.0,0.0,0.0,0.0,0.0,291.75,297.79,229.2,211.89,163.41,583.5,595.57,458.39,423.77,326.82,875.24,893.36,687.59,635.66,490.24,1166.99,1191.15,916.79,847.54,653.65,1458.74,1488.94,1145.98,1059.43,817.06,1750.49,1786.72,1375.18,1271.31,980.47,2042.24,2084.51,1604.38,1483.2,1143.88
300,4.0,,2.0,,,,,,,1.0,,,0.0,154.86,309.71,464.57,620.42,775.28,930.13,1084.99,,,,,,,,,,,,,,,,,,,,,,,,,,,0.0,0.0,0.0,0.0,0.0,134.31,117.18,101.36,80.31,69.44,268.61,234.36,202.72,160.62,138.88,402.92,351.55,304.08,240.93,208.32,537.23,468.73,405.44,321.23,277.76,671.54,585.91,506.8,401.54,347.19,805.84,703.09,608.16,481.85,416.63,940.15,820.27,709.52,562.16,486.07
301,4.0,,2.0,,,,,,,1.0,,,0.0,214.51,429.03,643.54,858.06,1072.57,1287.09,1501.6,,,,,,,,,,,,,,,,,,,,,,,,,,,0.0,0.0,0.0,0.0,0.0,190.19,178.23,157.59,142.73,125.79,380.38,356.46,315.18,285.46,251.58,570.57,534.69,472.77,428.19,377.37,760.76,712.93,630.36,570.92,503.16,950.95,891.16,787.95,713.65,628.95,1141.14,1069.39,945.54,856.38,754.73,1331.33,1247.62,1103.12,999.11,880.52
302,4.0,,2.0,,,,,,,1.0,,,0.0,25.13,51.26,76.38,102.51,127.64,152.77,178.89,,,,,,,,,,,,,,,,,,,,,,,,,,,0.0,0.0,0.0,0.0,0.0,22.28,19.72,17.29,13.44,11.65,44.56,39.43,34.58,26.87,23.29,66.84,59.15,51.86,40.31,34.94,89.12,78.87,69.15,53.75,46.59,111.4,98.59,86.44,67.18,58.23,133.68,118.3,103.73,80.62,69.88,155.96,138.02,121.01,94.05,81.52
303,4.0,,2.0,,,,,,,1.0,,,0.0,106.87,213.73,319.6,426.47,533.34,640.2,746.07,,,,,,,,,,,,,,,,,,,,,,,,,,,0.0,0.0,0.0,0.0,0.0,96.37,84.47,76.13,56.71,50.89,192.74,168.94,152.25,113.42,101.77,289.11,253.42,228.38,170.14,152.66,385.48,337.89,304.5,226.85,203.55,481.86,422.36,380.63,283.56,254.44,578.23,506.83,456.76,340.27,305.32,674.6,591.31,532.88,396.99,356.21
304,4.0,,2.0,,,,,,,1.0,,,0.0,165.1,331.2,496.3,661.39,826.49,992.59,1157.69,,,,,,,,,,,,,,,,,,,,,,,,,,,0.0,0.0,0.0,0.0,0.0,145.32,126.88,111.2,90.73,79.48,290.64,253.75,222.39,181.46,158.97,435.96,380.63,333.59,272.19,238.45,581.28,507.51,444.79,362.92,317.94,726.6,634.39,555.98,453.66,397.42,871.92,761.26,667.18,544.39,476.9,1017.23,888.14,778.38,635.12,556.39
305,4.0,,2.0,,,,,,,1.0,,,0.0,36.5,72.0,108.49,143.99,180.49,215.99,252.49,,,,,,,,,,,,,,,,,,,,,,,,,,,0.0,0.0,0.0,0.0,0.0,33.34,29.94,27.58,24.12,22.14,66.69,59.88,55.16,48.24,44.28,100.03,89.83,82.75,72.36,66.42,133.37,119.77,110.33,96.48,88.56,166.71,149.71,137.91,120.6,110.71,200.06,179.65,165.49,144.72,132.85,233.4,209.6,193.07,168.84,154.99
306,5.0,,2.7,,,,,,,1.0,,,0.0,7.14,15.29,22.43,30.57,37.71,44.86,53.0,,,,,,,,,,,,,,,,,,,,,,,,,,,0.0,0.0,0.0,0.0,0.0,5.92,5.66,4.42,3.83,2.98,11.84,11.32,8.83,7.66,5.96,17.76,16.97,13.25,11.49,8.93,23.68,22.63,17.67,15.32,11.91,29.6,28.29,22.09,19.15,14.89,35.52,33.95,26.5,22.98,17.87,41.44,39.6,30.92,26.81,20.84
307,5.0,,2.7,,,,,,,1.0,,,0.0,15.45,29.9,45.34,59.79,75.24,89.69,105.14,,,,,,,,,,,,,,,,,,,,,,,,,,,0.0,0.0,0.0,0.0,0.0,12.8,12.42,10.47,9.77,8.12,25.61,24.85,20.95,19.54,16.24,38.41,37.27,31.42,29.31,24.36,51.22,49.7,41.89,39.07,32.48,64.02,62.12,52.37,48.84,40.6,76.83,74.54,62.84,58.61,48.72,89.63,86.97,73.31,68.38,56.84
308,5.0,,2.7,,,,,,,1.0,,,0.0,20.39,40.77,61.16,81.55,101.94,122.32,142.71,,,,,,,,,,,,,,,,,,,,,,,,,,,0.0,0.0,0.0,0.0,0.0,16.21,15.49,12.33,10.49,8.28,32.42,30.98,24.66,20.98,16.55,48.63,46.47,36.99,31.47,24.83,64.84,61.97,49.32,41.95,33.11,81.05,77.46,61.65,52.44,41.39,97.26,92.95,73.98,62.93,49.66,113.47,108.44,86.31,73.42,57.94
309,5.0,,2.7,,,,,,,1.0,,,0.0,36.81,72.63,109.44,145.26,182.07,217.89,254.7,,,,,,,,,,,,,,,,,,,,,,,,,,,0.0,0.0,0.0,0.0,0.0,31.89,27.68,24.28,19.24,16.74,63.79,55.36,48.55,38.47,33.48,95.68,83.04,72.83,57.71,50.21,127.57,110.72,97.1,76.95,66.95,159.47,138.4,121.38,96.19,83.69,191.36,166.08,145.65,115.42,100.43,223.25,193.76,169.93,134.66,117.17
310,5.0,,2.7,,,,,,,1.0,,,0.0,108.2,215.4,323.6,430.8,539.0,647.2,754.4,,,,,,,,,,,,,,,,,,,,,,,,,,,0.0,0.0,0.0,0.0,0.0,102.91,82.64,78.82,55.7,52.97,205.82,165.29,157.65,111.4,105.93,308.72,247.93,236.47,167.1,158.9,411.63,330.57,315.3,222.8,211.87,514.54,413.21,394.12,278.51,264.84,617.45,495.86,472.94,334.21,317.8,720.35,578.5,551.77,389.91,370.77
311,5.0,,2.7,,,,,,,1.0,,,0.0,27.98,54.96,82.93,109.91,137.89,164.87,192.84,,,,,,,,,,,,,,,,,,,,,,,,,,,0.0,0.0,0.0,0.0,0.0,24.69,23.32,20.77,18.98,16.76,49.37,46.63,41.55,37.97,33.51,74.06,69.95,62.32,56.95,50.27,98.75,93.26,83.09,75.93,67.02,123.43,116.58,103.87,94.92,83.78,148.12,139.9,124.64,113.9,100.53,172.81,163.21,145.41,132.88,117.29
312,5.0,,2.7,,,,,,,1.0,,,0.0,65.71,131.42,198.13,263.84,329.56,395.27,461.98,,,,,,,,,,,,,,,,,,,,,,,,,,,0.0,0.0,0.0,0.0,0.0,62.44,50.61,47.86,36.64,34.55,124.88,101.23,95.72,73.28,69.1,187.32,151.84,143.58,109.92,103.65,249.76,202.46,191.44,146.56,138.2,312.2,253.07,239.3,183.19,172.76,374.64,303.69,287.16,219.83,207.31,437.08,354.3,335.02,256.47,241.86
313,5.0,,2.7,,,,,,,1.0,,,0.0,4.08,8.16,13.24,17.33,21.41,25.49,29.57,,,,,,,,,,,,,,,,,,,,,,,,,,,0.0,0.0,0.0,0.0,0.0,4.02,3.36,3.17,2.05,1.9,8.03,6.72,6.35,4.1,3.81,12.05,10.08,9.52,6.16,5.71,16.07,13.44,12.7,8.21,7.62,20.08,16.8,15.87,10.26,9.52,24.1,20.16,19.04,12.31,11.43,28.12,23.52,22.22,14.37,13.33
314,5.0,,2.7,,,,,,,1.0,,,0.0,57.53,115.06,172.58,230.11,287.64,345.17,402.69,,,,,,,,,,,,,,,,,,,,,,,,,,,0.0,0.0,0.0,0.0,0.0,56.82,44.37,43.74,31.05,30.55,113.64,88.73,87.49,62.11,61.11,170.46,133.1,131.23,93.16,91.66,227.28,177.46,174.97,124.22,122.21,284.1,221.83,218.71,155.27,152.77,340.92,266.19,262.46,186.32,183.32,397.74,310.56,306.2,217.38,213.87
315,5.0,,2.7,,,,,,,1.0,,,0.0,2.12,5.24,7.37,9.49,11.61,14.73,16.86,,,,,,,,,,,,,,,,,,,,,,,,,,,0.0,0.0,0.0,0.0,0.0,1.95,2.3,1.86,2.27,1.84,3.89,4.59,3.73,4.53,3.67,5.84,6.89,5.59,6.8,5.51,7.79,9.18,7.46,9.07,7.35,9.73,11.48,9.32,11.33,9.18,11.68,13.78,11.18,13.6,11.02,13.63,16.07,13.05,15.87,12.86
316,5.0,,2.7,,,,,,,1.0,,,0.0,79.75,159.5,238.26,318.01,397.76,477.51,556.26,,,,,,,,,,,,,,,,,,,,,,,,,,,0.0,0.0,0.0,0.0,0.0,78.05,59.62,58.44,41.33,40.45,156.09,119.25,116.87,82.67,80.89,234.14,178.87,175.31,124.0,121.34,312.18,238.49,233.75,165.34,161.79,390.23,298.12,292.18,206.67,202.24,468.28,357.74,350.62,248.01,242.68,546.32,417.36,409.05,289.34,283.13
317,5.0,,2.7,,,,,,,1.0,,,0.0,10.37,19.73,30.1,40.47,49.83,60.2,70.57,,,,,,,,,,,,,,,,,,,,,,,,,,,0.0,0.0,0.0,0.0,0.0,9.48,8.13,7.64,6.25,5.87,18.96,16.26,15.27,12.51,11.73,28.44,24.39,22.91,18.76,17.6,37.91,32.52,30.55,25.01,23.47,47.39,40.65,38.18,31.27,29.34,56.87,48.78,45.82,37.52,35.2,66.35,56.92,53.46,43.77,41.07
318,5.0,,2.7,,,,,,,1.0,,,0.0,78.36,157.73,236.09,315.46,393.82,472.19,551.55,,,,,,,,,,,,,,,,,,,,,,,,,,,0.0,0.0,0.0,0.0,0.0,51.04,61.3,39.64,43.55,28.02,102.07,122.61,79.29,87.1,56.03,153.11,183.91,118.93,130.66,84.05,204.15,245.21,158.58,174.21,112.07,255.19,306.52,198.22,217.76,140.08,306.22,367.82,237.87,261.31,168.1,357.26,429.12,277.51,304.86,196.12
319,5.0,,2.7,,,,,,,1.0,,,0.0,72.02,144.04,216.06,287.07,359.09,431.11,503.13,,,,,,,,,,,,,,,,,,,,,,,,,,,0.0,0.0,0.0,0.0,0.0,41.78,54.99,31.78,38.15,21.94,83.55,109.98,63.55,76.29,43.87,125.33,164.97,95.33,114.44,65.81,167.11,219.96,127.1,152.59,87.75,208.88,274.94,158.88,190.73,109.69,250.66,329.93,190.65,228.88,131.62,292.44,384.92,222.43,267.03,153.56
320,5.0,,2.7,,,,,,,1.0,,,0.0,27.77,55.55,82.32,110.1,137.87,165.64,193.42,,,,,,,,,,,,,,,,,,,,,,,,,,,0.0,0.0,0.0,0.0,0.0,20.41,23.19,17.04,18.5,13.47,40.83,46.38,34.08,37.0,26.94,61.24,69.56,51.12,55.5,40.41,81.66,92.75,68.16,74.0,53.88,102.07,115.94,85.19,92.5,67.35,122.49,139.13,102.23,111.0,80.82,142.9,162.31,119.27,129.5,94.29
321,5.0,,2.7,,,,,,,1.0,,,0.0,21.31,42.61,62.92,84.22,105.53,126.83,148.14,,,,,,,,,,,,,,,,,,,,,,,,,,,0.0,0.0,0.0,0.0,0.0,11.13,16.11,8.35,11.28,5.77,22.26,32.21,16.7,22.55,11.55,33.38,48.32,25.05,33.83,17.32,44.51,64.43,33.4,45.11,23.09,55.64,80.54,41.75,56.38,28.87,66.77,96.64,50.1,67.66,34.64,77.89,112.75,58.45,78.94,40.41
322,5.0,,2.7,,,,,,,1.0,,,0.0,109.87,218.75,328.62,437.5,547.37,656.24,766.12,,,,,,,,,,,,,,,,,,,,,,,,,,,0.0,0.0,0.0,0.0,0.0,87.36,85.06,67.71,59.51,46.97,174.72,170.13,135.42,119.01,93.95,262.08,255.19,203.13,178.52,140.92,349.45,340.26,270.84,238.03,187.9,436.81,425.32,338.55,297.53,234.87,524.17,510.39,406.26,357.04,281.85,611.53,595.45,473.97,416.54,328.82
323,5.0,,2.7,,,,,,,1.0,,,0.0,61.47,121.93,183.4,244.87,305.33,366.8,428.27,,,,,,,,,,,,,,,,,,,,,,,,,,,0.0,0.0,0.0,0.0,0.0,46.75,48.34,36.8,34.68,26.34,93.49,96.68,73.6,69.36,52.68,140.24,145.02,110.4,104.04,79.02,186.99,193.36,147.2,138.72,105.36,233.73,241.7,184.0,173.41,131.7,280.48,290.04,220.81,208.09,158.04,327.23,338.38,257.61,242.77,184.39
324,5.0,,2.7,,,,,,,1.0,,,0.0,26.41,53.81,80.22,106.63,134.04,160.44,187.85,,,,,,,,,,,,,,,,,,,,,,,,,,,0.0,0.0,0.0,0.0,0.0,23.07,20.31,17.44,14.0,11.97,46.15,40.62,34.87,28.01,23.95,69.22,60.94,52.31,42.01,35.92,92.29,81.25,69.74,56.01,47.89,115.36,101.56,87.18,70.01,59.87,138.44,121.87,104.61,84.02,71.84,161.51,142.18,122.05,98.02,83.81
325,5.0,,2.7,,,,,,,1.0,,,0.0,36.22,71.44,107.67,142.89,179.11,214.33,250.56,,,,,,,,,,,,,,,,,,,,,,,,,,,0.0,0.0,0.0,0.0,0.0,31.27,29.83,25.96,24.05,20.78,62.53,59.67,51.92,48.11,41.56,93.8,89.5,77.88,72.16,62.34,125.07,119.34,103.83,96.21,83.12,156.33,149.17,129.79,120.27,103.9,187.6,179.01,155.75,144.32,124.68,218.87,208.84,181.71,168.38,145.46
326,5.0,,2.7,,,,,,,1.0,,,0.0,4.06,8.12,12.18,16.24,21.31,25.37,29.43,,,,,,,,,,,,,,,,,,,,,,,,,,,0.0,0.0,0.0,0.0,0.0,3.62,3.23,2.81,2.22,1.9,7.24,6.46,5.62,4.43,3.8,10.86,9.7,8.44,6.65,5.7,14.48,12.93,11.25,8.86,7.59,18.1,16.16,14.06,11.08,9.49,21.72,19.39,16.87,13.29,11.39,25.34,22.62,19.68,15.51,13.29
327,5.0,,2.7,,,,,,,1.0,,,0.0,15.43,30.86,47.28,62.71,78.14,93.57,108.99,,,,,,,,,,,,,,,,,,,,,,,,,,,0.0,0.0,0.0,0.0,0.0,13.96,12.44,11.05,8.45,7.43,27.93,24.88,22.11,16.9,14.86,41.89,37.32,33.16,25.36,22.28,55.85,49.76,44.22,33.81,29.71,69.82,62.21,55.27,42.26,37.14,83.78,74.65,66.33,50.71,44.57,97.74,87.09,77.38,59.17,51.99
328,5.0,,2.7,,,,,,,1.0,,,0.0,26.53,53.06,78.59,105.12,131.65,158.18,183.71,,,,,,,,,,,,,,,,,,,,,,,,,,,0.0,0.0,0.0,0.0,0.0,22.93,20.27,17.57,14.6,12.6,45.86,40.54,35.15,29.19,25.19,68.79,60.81,52.72,43.79,37.79,91.72,81.07,70.3,58.38,50.39,114.65,101.34,87.87,72.98,62.99,137.57,121.61,105.44,87.58,75.58,160.5,141.88,123.02,102.17,88.18
329,5.0,,2.7,,,,,,,1.0,,,0.0,6.24,11.49,17.73,22.98,29.22,35.47,40.71,,,,,,,,,,,,,,,,,,,,,,,,,,,0.0,0.0,0.0,0.0,0.0,5.32,4.89,4.41,3.98,3.55,10.64,9.79,8.82,7.95,7.1,15.96,14.68,13.23,11.93,10.66,21.29,19.58,17.65,15.9,14.21,26.61,24.47,22.06,19.88,17.76,31.93,29.37,26.47,23.85,21.31,37.25,34.26,30.88,27.83,24.87
